-- MySQL dump 10.13  Distrib 8.0.33, for Win64 (x86_64)
--
-- Host: localhost    Database: mag_restult_2022
-- ------------------------------------------------------
-- Server version	8.0.33

/*!40101 SET @OLD_CHARACTER_SET_CLIENT=@@CHARACTER_SET_CLIENT */;
/*!40101 SET @OLD_CHARACTER_SET_RESULTS=@@CHARACTER_SET_RESULTS */;
/*!40101 SET @OLD_COLLATION_CONNECTION=@@COLLATION_CONNECTION */;
/*!50503 SET NAMES utf8 */;
/*!40103 SET @OLD_TIME_ZONE=@@TIME_ZONE */;
/*!40103 SET TIME_ZONE='+00:00' */;
/*!40014 SET @OLD_UNIQUE_CHECKS=@@UNIQUE_CHECKS, UNIQUE_CHECKS=0 */;
/*!40014 SET @OLD_FOREIGN_KEY_CHECKS=@@FOREIGN_KEY_CHECKS, FOREIGN_KEY_CHECKS=0 */;
/*!40101 SET @OLD_SQL_MODE=@@SQL_MODE, SQL_MODE='NO_AUTO_VALUE_ON_ZERO' */;
/*!40111 SET @OLD_SQL_NOTES=@@SQL_NOTES, SQL_NOTES=0 */;

--
-- Table structure for table `all_around_2022`
--

DROP TABLE IF EXISTS `all_around_2022`;
/*!40101 SET @saved_cs_client     = @@character_set_client */;
/*!50503 SET character_set_client = utf8mb4 */;
CREATE TABLE `all_around_2022` (
  `Name` varchar(45) DEFAULT NULL,
  `Category` varchar(45) DEFAULT NULL,
  `License_number` varchar(20) NOT NULL,
  `Club` varchar(60) DEFAULT NULL,
  `bydgoszcz_FX_Dscore` decimal(10,1) DEFAULT NULL,
  `bydgoszcz_FX_Escore` decimal(10,3) DEFAULT NULL,
  `bydgoszcz_FX_Total_Score` decimal(10,3) DEFAULT NULL,
  `bydgoszcz_PH_Dscore` decimal(10,1) DEFAULT NULL,
  `bydgoszcz_PH_Escore` decimal(10,3) DEFAULT NULL,
  `bydgoszcz_PH_Total_Score` decimal(10,3) DEFAULT NULL,
  `bydgoszcz_SR_Dscore` decimal(10,1) DEFAULT NULL,
  `bydgoszcz_SR_Escore` decimal(10,3) DEFAULT NULL,
  `bydgoszcz_SR_Total_Score` decimal(10,3) DEFAULT NULL,
  `bydgoszcz_VT_Dscore` decimal(10,1) DEFAULT NULL,
  `bydgoszcz_VT_Escore` decimal(10,3) DEFAULT NULL,
  `bydgoszcz_VT_Total_Score` decimal(10,3) DEFAULT NULL,
  `bydgoszcz_PB_Dscore` decimal(10,1) DEFAULT NULL,
  `bydgoszcz_PB_Escore` decimal(10,3) DEFAULT NULL,
  `bydgoszcz_PB_Total_Score` decimal(10,3) DEFAULT NULL,
  `bydgoszcz_HB_Dscore` decimal(10,1) DEFAULT NULL,
  `bydgoszcz_HB_Escore` decimal(10,3) DEFAULT NULL,
  `bydgoszcz_HB_Total_Score` decimal(10,3) DEFAULT NULL,
  `zabrze_FX_Dscore` decimal(10,1) DEFAULT NULL,
  `zabrze_FX_Escore` decimal(10,3) DEFAULT NULL,
  `zabrze_FX_Total_Score` decimal(10,3) DEFAULT NULL,
  `zabrze_PH_Dscore` decimal(10,1) DEFAULT NULL,
  `zabrze_PH_Escore` decimal(10,3) DEFAULT NULL,
  `zabrze_PH_Total_Score` decimal(10,3) DEFAULT NULL,
  `zabrze_SR_Dscore` decimal(10,1) DEFAULT NULL,
  `zabrze_SR_Escore` decimal(10,3) DEFAULT NULL,
  `zabrze_SR_Total_Score` decimal(10,3) DEFAULT NULL,
  `zabrze_VT_Dscore` decimal(10,1) DEFAULT NULL,
  `zabrze_VT_Escore` decimal(10,3) DEFAULT NULL,
  `zabrze_VT_Total_Score` decimal(10,3) DEFAULT NULL,
  `zabrze_PB_Dscore` decimal(10,1) DEFAULT NULL,
  `zabrze_PB_Escore` decimal(10,3) DEFAULT NULL,
  `zabrze_PB_Total_Score` decimal(10,3) DEFAULT NULL,
  `zabrze_HB_Dscore` decimal(10,1) DEFAULT NULL,
  `zabrze_HB_Escore` decimal(10,3) DEFAULT NULL,
  `zabrze_HB_Total_Score` decimal(10,3) DEFAULT NULL,
  `cracow_FX_Dscore` decimal(10,1) DEFAULT NULL,
  `cracow_FX_Escore` decimal(10,3) DEFAULT NULL,
  `cracow_FX_Total_Score` decimal(10,3) DEFAULT NULL,
  `cracow_PH_Dscore` decimal(10,1) DEFAULT NULL,
  `cracow_PH_Escore` decimal(10,3) DEFAULT NULL,
  `cracow_PH_Total_Score` decimal(10,3) DEFAULT NULL,
  `cracow_SR_Dscore` decimal(10,1) DEFAULT NULL,
  `cracow_SR_Escore` decimal(10,3) DEFAULT NULL,
  `cracow_SR_Total_Score` decimal(10,3) DEFAULT NULL,
  `cracow_VT_Dscore` decimal(10,1) DEFAULT NULL,
  `cracow_VT_Escore` decimal(10,3) DEFAULT NULL,
  `cracow_VT_Total_Score` decimal(10,3) DEFAULT NULL,
  `cracow_PB_Dscore` decimal(10,1) DEFAULT NULL,
  `cracow_PB_Escore` decimal(10,3) DEFAULT NULL,
  `cracow_PB_Total_Score` decimal(10,3) DEFAULT NULL,
  `cracow_HB_Dscore` decimal(10,1) DEFAULT NULL,
  `cracow_HB_Escore` decimal(10,3) DEFAULT NULL,
  `cracow_HB_Total_Score` decimal(10,3) DEFAULT NULL,
  `gdansk_FX_Dscore` decimal(10,1) DEFAULT NULL,
  `gdansk_FX_Escore` decimal(10,3) DEFAULT NULL,
  `gdansk_FX_Total_Score` decimal(10,3) DEFAULT NULL,
  `gdansk_PH_Dscore` decimal(10,1) DEFAULT NULL,
  `gdansk_PH_Escore` decimal(10,3) DEFAULT NULL,
  `gdansk_PH_Total_Score` decimal(10,3) DEFAULT NULL,
  `gdansk_SR_Dscore` decimal(10,1) DEFAULT NULL,
  `gdansk_SR_Escore` decimal(10,3) DEFAULT NULL,
  `gdansk_SR_Total_Score` decimal(10,3) DEFAULT NULL,
  `gdansk_VT_Dscore` decimal(10,1) DEFAULT NULL,
  `gdansk_VT_Escore` decimal(10,3) DEFAULT NULL,
  `gdansk_VT_Total_Score` decimal(10,3) DEFAULT NULL,
  `gdansk_PB_Dscore` decimal(10,1) DEFAULT NULL,
  `gdansk_PB_Escore` decimal(10,3) DEFAULT NULL,
  `gdansk_PB_Total_Score` decimal(10,3) DEFAULT NULL,
  `gdansk_HB_Dscore` decimal(10,1) DEFAULT NULL,
  `gdansk_HB_Escore` decimal(10,3) DEFAULT NULL,
  `gdansk_HB_Total_Score` decimal(10,3) DEFAULT NULL
) ENGINE=InnoDB DEFAULT CHARSET=utf8mb4 COLLATE=utf8mb4_0900_ai_ci;
/*!40101 SET character_set_client = @saved_cs_client */;

--
-- Dumping data for table `all_around_2022`
--

LOCK TABLES `all_around_2022` WRITE;
/*!40000 ALTER TABLE `all_around_2022` DISABLE KEYS */;
INSERT INTO `all_around_2022` VALUES ('KOLORZ Maks','junior','111111','KG Radlin',2.9,7.800,10.700,1.3,0.000,1.300,2.1,5.200,7.300,2.4,7.500,9.900,1.4,1.700,3.100,1.5,5.000,6.500,NULL,NULL,NULL,NULL,NULL,NULL,NULL,NULL,NULL,NULL,NULL,NULL,NULL,NULL,NULL,NULL,NULL,NULL,NULL,NULL,NULL,NULL,NULL,NULL,NULL,NULL,NULL,NULL,NULL,NULL,NULL,NULL,NULL,NULL,NULL,NULL,NULL,NULL,NULL,NULL,NULL,NULL,NULL,NULL,NULL,NULL,NULL,NULL,NULL,NULL,NULL,NULL,NULL,NULL),('RUS Gracjan','junior','111112','KG Radlin',2.5,8.300,10.800,0.6,0.000,0.600,1.5,3.300,4.800,1.6,9.000,10.600,1.9,2.850,4.750,0.1,1.000,1.100,NULL,NULL,NULL,NULL,NULL,NULL,NULL,NULL,NULL,NULL,NULL,NULL,NULL,NULL,NULL,NULL,NULL,NULL,NULL,NULL,NULL,NULL,NULL,NULL,NULL,NULL,NULL,NULL,NULL,NULL,NULL,NULL,NULL,NULL,NULL,NULL,NULL,NULL,NULL,NULL,NULL,NULL,NULL,NULL,NULL,NULL,NULL,NULL,NULL,NULL,NULL,NULL,NULL,NULL),('MYSZI Dominik','junior','111113','KG Radlin',3.0,8.200,11.200,1.5,0.000,1.500,2.1,6.500,8.600,0.0,0.000,0.000,2.0,3.450,5.450,1.0,3.100,4.100,NULL,NULL,NULL,NULL,NULL,NULL,NULL,NULL,NULL,NULL,NULL,NULL,NULL,NULL,NULL,NULL,NULL,NULL,NULL,NULL,NULL,NULL,NULL,NULL,NULL,NULL,NULL,NULL,NULL,NULL,NULL,NULL,NULL,NULL,NULL,NULL,NULL,NULL,NULL,NULL,NULL,NULL,NULL,NULL,NULL,NULL,NULL,NULL,NULL,NULL,NULL,NULL,NULL,NULL),('SZCZUBIAŁ Bartłomiej','junior','222222','KS AZS AWF Kraków',3.8,7.800,11.600,3.0,7.600,10.600,2.3,7.150,9.450,2.2,9.100,11.300,3.0,8.050,11.050,2.4,9.100,11.500,NULL,NULL,NULL,NULL,NULL,NULL,NULL,NULL,NULL,NULL,NULL,NULL,NULL,NULL,NULL,NULL,NULL,NULL,NULL,NULL,NULL,NULL,NULL,NULL,NULL,NULL,NULL,NULL,NULL,NULL,NULL,NULL,NULL,NULL,NULL,NULL,NULL,NULL,NULL,NULL,NULL,NULL,NULL,NULL,NULL,NULL,NULL,NULL,NULL,NULL,NULL,NULL,NULL,NULL),('FRONT Filip','senior','30170','KS AZS AWFiS Gdańsk',NULL,NULL,NULL,NULL,NULL,NULL,NULL,NULL,NULL,NULL,NULL,NULL,NULL,NULL,NULL,NULL,NULL,NULL,0.0,0.000,0.000,0.0,0.000,0.000,4.0,8.400,12.400,2.8,9.400,12.200,3.1,8.850,11.950,0.0,0.000,0.000,0.0,0.000,0.000,0.0,0.000,0.000,4.0,7.650,11.650,2.8,9.100,11.900,3.2,8.350,11.550,0.0,0.000,0.000,0.0,0.000,0.000,0.0,0.000,0.000,4.3,7.200,11.500,0.0,0.000,0.000,0.0,0.000,0.000,0.0,0.000,0.000),('KWIATKOWSKI Michał','junior','30185','MKS Kusy Szczecin',4.2,8.600,12.800,7.0,3.600,10.600,3.3,7.100,10.400,3.2,9.000,12.200,3.5,7.950,11.450,3.1,7.700,10.800,4.2,8.550,12.750,3.6,6.200,9.800,3.2,9.000,12.200,3.2,9.450,12.650,3.4,7.950,11.350,3.2,7.800,11.000,4.2,8.300,12.500,3.4,7.950,11.350,3.3,6.950,10.250,3.2,9.200,12.400,3.2,8.800,12.000,3.1,4.700,7.800,4.1,7.800,11.900,3.6,8.300,11.900,3.3,7.900,11.200,2.8,8.800,11.600,3.4,7.300,10.700,2.9,6.200,9.100),('KUŹMIŃSKI Bartosz','senior','30186','MKS Kusy Szczecin',3.9,8.400,12.300,2.3,2.000,4.300,0.0,0.000,0.000,0.0,0.000,0.000,2.5,7.450,9.950,0.0,0.000,0.000,4.0,6.000,10.000,0.0,0.000,0.000,0.0,0.000,0.000,3.2,9.050,12.250,0.0,0.000,0.000,0.0,0.000,0.000,3.8,7.450,11.250,0.0,0.000,0.000,0.0,0.000,0.000,3.2,7.400,10.600,0.0,0.000,0.000,0.0,0.000,0.000,NULL,NULL,NULL,NULL,NULL,NULL,NULL,NULL,NULL,NULL,NULL,NULL,NULL,NULL,NULL,NULL,NULL,NULL),('SIEDZIAKO Igor','senior','30189','MKS Kusy Szczecin',4.3,7.400,11.700,2.4,1.100,3.500,2.9,7.000,9.900,3.2,7.800,11.000,2.9,7.750,10.650,2.7,6.800,9.500,4.2,7.300,11.500,0.0,0.000,0.000,0.0,0.000,0.000,0.0,0.000,0.000,2.4,8.050,10.450,2.0,5.200,7.200,4.4,7.550,11.950,0.0,0.000,0.000,0.0,0.000,0.000,0.0,0.000,0.000,0.0,0.000,0.000,2.1,8.500,10.600,NULL,NULL,NULL,NULL,NULL,NULL,NULL,NULL,NULL,NULL,NULL,NULL,NULL,NULL,NULL,NULL,NULL,NULL),('KUROWSKI Jakub','senior','30190','MKS Kusy Szczecin',0.0,0.000,0.000,0.0,0.000,0.000,3.2,7.400,10.600,0.0,0.000,0.000,2.7,6.850,9.550,2.1,8.400,10.500,4.2,8.350,12.550,3.8,7.750,11.550,3.8,7.700,11.500,4.0,9.600,13.600,3.5,8.700,12.200,2.2,7.850,10.050,4.5,8.000,12.500,3.8,8.000,11.800,3.8,8.550,12.350,4.0,9.350,13.350,3.4,8.750,12.150,2.6,8.900,11.500,4.0,6.300,10.300,3.2,7.400,10.600,3.7,7.300,11.000,4.0,8.800,12.800,3.2,5.800,9.000,2.6,7.600,10.200),('PIETRUSZKIEWICZ Jakub','senior','30192','MKS Kusy Szczecin',NULL,NULL,NULL,NULL,NULL,NULL,NULL,NULL,NULL,NULL,NULL,NULL,NULL,NULL,NULL,NULL,NULL,NULL,0.0,0.000,0.000,0.0,0.000,0.000,3.2,6.900,10.100,4.0,8.850,12.850,0.0,0.000,0.000,0.0,0.000,0.000,0.0,0.000,0.000,0.0,0.000,0.000,0.0,0.000,0.000,0.0,0.000,0.000,0.0,0.000,0.000,0.0,0.000,0.000,NULL,NULL,NULL,NULL,NULL,NULL,NULL,NULL,NULL,NULL,NULL,NULL,NULL,NULL,NULL,NULL,NULL,NULL),('CZARNECKI Aleksander','junior','30195','MKS Kusy Szczecin',4.0,8.950,12.950,3.3,6.650,9.950,2.6,6.900,9.500,2.8,8.600,11.400,3.2,8.450,11.650,2.4,7.900,10.300,4.3,8.150,12.450,3.6,8.350,11.950,2.9,8.100,11.000,4.0,8.950,12.950,3.4,8.350,11.750,3.0,7.900,10.900,0.0,0.000,0.000,0.0,0.000,0.000,0.0,0.000,0.000,0.0,0.000,0.000,0.0,0.000,0.000,0.0,0.000,0.000,4.4,7.500,11.900,3.6,6.300,9.900,2.3,8.600,10.900,4.0,8.600,12.600,3.4,8.200,11.600,2.7,6.700,9.400),('GAWROŃSKI Sebastian','senior','32203','KS AZS AWF Katowice',NULL,NULL,NULL,NULL,NULL,NULL,NULL,NULL,NULL,NULL,NULL,NULL,NULL,NULL,NULL,NULL,NULL,NULL,NULL,NULL,NULL,NULL,NULL,NULL,NULL,NULL,NULL,NULL,NULL,NULL,NULL,NULL,NULL,NULL,NULL,NULL,5.4,8.250,13.650,4.2,6.500,10.700,5.0,8.100,13.100,5.2,8.100,13.300,4.5,6.450,10.950,4.6,6.650,11.250,5.8,5.400,11.200,4.1,7.900,12.000,5.3,6.600,11.900,5.2,8.000,13.200,4.9,7.400,12.300,4.8,6.300,11.100),('GARNCZAREK Kacper','senior','32211','KS AZS AWF Katowice',NULL,NULL,NULL,NULL,NULL,NULL,NULL,NULL,NULL,NULL,NULL,NULL,NULL,NULL,NULL,NULL,NULL,NULL,5.3,8.150,13.450,4.9,7.400,12.300,4.1,8.350,12.450,4.4,9.100,13.500,5.0,7.450,12.450,4.6,7.400,12.000,5.3,7.250,12.550,5.2,7.700,12.900,4.1,8.100,12.200,4.4,9.150,13.550,5.3,6.600,11.900,4.6,8.150,12.750,5.4,7.400,12.800,4.9,6.000,10.900,2.8,9.200,12.000,4.4,8.300,12.700,5.3,7.000,12.300,4.9,6.900,11.800),('LUDYNIA Marceli','senior','32213','KS AZS AWF Katowice',4.7,8.100,12.800,3.0,6.300,9.300,2.7,7.700,10.400,4.0,8.600,12.600,3.5,8.000,11.500,3.1,7.300,10.400,4.7,8.700,13.400,3.0,7.500,10.500,2.5,8.150,10.650,4.0,9.100,13.100,4.1,7.900,12.000,2.7,7.550,10.250,4.5,8.150,12.650,3.1,3.050,6.150,2.8,7.100,9.900,4.0,9.350,13.350,3.7,6.850,10.550,2.7,8.200,10.900,4.7,6.700,11.400,2.9,7.100,10.000,2.7,7.400,10.100,4.0,8.700,12.700,3.6,7.400,11.000,2.6,5.800,8.400),('MARCZEWSKI Stanisław','junior','32361','MKS Gdańsk',3.2,7.300,10.500,2.6,6.000,8.600,2.8,8.100,10.900,1.6,8.700,10.300,2.5,5.700,8.200,1.9,8.100,10.000,0.0,0.000,0.000,0.0,0.000,0.000,0.0,0.000,0.000,0.0,0.000,0.000,0.0,0.000,0.000,0.0,0.000,0.000,NULL,NULL,NULL,NULL,NULL,NULL,NULL,NULL,NULL,NULL,NULL,NULL,NULL,NULL,NULL,NULL,NULL,NULL,NULL,NULL,NULL,NULL,NULL,NULL,NULL,NULL,NULL,NULL,NULL,NULL,NULL,NULL,NULL,NULL,NULL,NULL),('WIERZBA Kacper','senior','32450','MKS Gdańsk',NULL,NULL,NULL,NULL,NULL,NULL,NULL,NULL,NULL,NULL,NULL,NULL,NULL,NULL,NULL,NULL,NULL,NULL,4.4,8.100,12.500,3.4,5.500,8.900,3.8,7.500,11.300,4.0,9.300,13.300,3.0,8.750,11.750,3.3,7.800,11.100,4.1,6.700,10.800,0.0,0.000,0.000,3.8,7.700,11.500,4.0,9.100,13.100,2.5,7.150,9.650,4.0,8.250,12.250,3.9,7.900,11.800,3.4,6.400,9.800,3.8,7.900,11.700,4.0,9.000,13.000,3.0,8.800,11.800,3.3,8.000,11.300),('ŁUCKI Miłosz','junior','32453','KG Radlin',NULL,NULL,NULL,NULL,NULL,NULL,NULL,NULL,NULL,NULL,NULL,NULL,NULL,NULL,NULL,NULL,NULL,NULL,NULL,NULL,NULL,NULL,NULL,NULL,NULL,NULL,NULL,NULL,NULL,NULL,NULL,NULL,NULL,NULL,NULL,NULL,3.1,7.550,10.650,0.0,0.000,0.000,2.0,7.350,9.350,2.2,8.800,11.000,0.0,0.000,0.000,2.0,6.600,8.600,NULL,NULL,NULL,NULL,NULL,NULL,NULL,NULL,NULL,NULL,NULL,NULL,NULL,NULL,NULL,NULL,NULL,NULL),('NOWAK Maciej','senior','32524','KS AZS AWF Katowice',4.5,8.700,13.200,3.8,7.900,11.700,2.7,8.000,10.700,3.2,9.500,12.700,3.4,7.900,11.300,3.6,8.000,11.600,NULL,NULL,NULL,NULL,NULL,NULL,NULL,NULL,NULL,NULL,NULL,NULL,NULL,NULL,NULL,NULL,NULL,NULL,NULL,NULL,NULL,NULL,NULL,NULL,NULL,NULL,NULL,NULL,NULL,NULL,NULL,NULL,NULL,NULL,NULL,NULL,NULL,NULL,NULL,NULL,NULL,NULL,NULL,NULL,NULL,NULL,NULL,NULL,NULL,NULL,NULL,NULL,NULL,NULL),('BRACKI Borys','senior','32570','KS AZS AWF Katowice',3.6,9.000,12.600,3.6,7.550,11.150,3.9,6.400,10.300,3.6,8.400,12.000,3.7,8.450,12.150,3.0,7.600,10.600,3.4,8.700,12.100,4.1,6.700,10.800,3.7,7.900,11.600,3.6,8.150,11.750,3.6,8.650,12.250,2.5,7.900,10.400,3.6,8.400,12.000,3.6,8.000,11.600,3.9,8.200,12.100,4.0,8.650,12.650,4.0,8.850,12.850,2.5,7.200,9.700,3.6,7.450,11.050,4.1,6.700,10.800,3.5,8.300,11.800,2.4,8.300,10.700,2.7,6.000,8.700,2.2,1.000,3.200),('SADZA Jakub','junior','326132','NTG Nysa',NULL,NULL,NULL,NULL,NULL,NULL,NULL,NULL,NULL,NULL,NULL,NULL,NULL,NULL,NULL,NULL,NULL,NULL,NULL,NULL,NULL,NULL,NULL,NULL,NULL,NULL,NULL,NULL,NULL,NULL,NULL,NULL,NULL,NULL,NULL,NULL,3.5,7.850,11.350,0.0,0.000,0.000,0.0,0.000,0.000,3.2,8.200,11.400,0.0,0.000,0.000,0.0,0.000,0.000,NULL,NULL,NULL,NULL,NULL,NULL,NULL,NULL,NULL,NULL,NULL,NULL,NULL,NULL,NULL,NULL,NULL,NULL),('WROŃSKI Filip','senior','32670','NTG Nysa',NULL,NULL,NULL,NULL,NULL,NULL,NULL,NULL,NULL,NULL,NULL,NULL,NULL,NULL,NULL,NULL,NULL,NULL,3.8,8.400,12.200,3.0,8.400,11.400,3.9,8.400,12.300,4.0,9.100,13.100,3.0,9.350,12.350,3.6,7.100,10.700,NULL,NULL,NULL,NULL,NULL,NULL,NULL,NULL,NULL,NULL,NULL,NULL,NULL,NULL,NULL,NULL,NULL,NULL,3.9,7.300,11.200,3.2,7.800,11.000,3.9,8.200,12.100,4.0,8.700,12.700,3.4,9.000,12.400,3.6,8.300,11.900),('SASNAL Filip','senior','32804','KS AZS AWF Kraków',5.8,7.800,13.600,4.4,7.100,11.500,4.6,7.200,11.800,4.8,8.700,13.500,4.2,8.600,12.800,4.4,8.000,12.400,6.0,6.600,12.600,4.6,6.400,11.000,3.9,8.100,12.000,5.2,9.600,14.800,4.2,8.200,12.400,4.4,6.800,11.200,5.6,7.650,13.250,4.4,7.000,11.400,4.3,7.850,12.150,5.2,8.050,13.250,4.2,8.800,13.000,4.4,8.400,12.800,5.6,6.650,12.250,4.4,5.000,9.400,4.2,8.000,12.200,4.8,8.300,13.100,4.2,9.200,13.400,4.2,8.000,12.200),('KOŁODZIEJCZYK Karol','junior','32980','KS AZS AWF Kraków',3.4,8.400,11.800,3.0,8.600,11.600,2.3,7.300,9.600,2.8,8.500,11.300,3.1,8.700,11.800,2.4,7.800,10.200,3.1,8.350,11.450,3.0,7.200,10.200,2.1,8.050,10.150,2.4,8.900,11.300,3.0,9.000,12.000,2.4,7.900,10.300,3.4,8.050,11.450,3.0,5.750,8.750,2.3,7.900,10.200,2.8,8.750,11.550,3.0,8.900,11.900,2.7,8.150,10.850,3.3,7.200,10.500,2.8,8.500,11.300,2.3,8.000,10.300,2.4,8.400,10.800,2.6,8.900,11.500,2.3,7.500,9.800),('KLIMCZUK Paweł','senior','330103','MKS Gdańsk',NULL,NULL,NULL,NULL,NULL,NULL,NULL,NULL,NULL,NULL,NULL,NULL,NULL,NULL,NULL,NULL,NULL,NULL,0.0,0.000,0.000,3.1,6.000,9.100,0.0,0.000,0.000,0.0,0.000,0.000,0.0,0.000,0.000,0.0,0.000,0.000,0.0,0.000,0.000,3.5,5.600,9.100,0.0,0.000,0.000,0.0,0.000,0.000,0.0,0.000,0.000,0.0,0.000,0.000,NULL,NULL,NULL,NULL,NULL,NULL,NULL,NULL,NULL,NULL,NULL,NULL,NULL,NULL,NULL,NULL,NULL,NULL),('MOSKAL Błażej','junior','330111','MKS Gdańsk',3.7,7.400,11.100,2.8,4.000,6.800,2.4,7.550,9.950,2.4,7.800,10.200,3.1,8.050,11.150,1.9,8.000,9.900,3.2,8.150,11.350,2.7,1.950,4.650,2.5,6.500,9.000,1.6,9.500,11.100,3.1,7.800,10.900,1.9,8.200,10.100,3.5,7.650,11.150,2.2,4.950,7.150,2.5,6.650,9.150,2.4,8.850,11.250,3.1,7.450,10.550,1.9,8.600,10.500,3.2,7.900,11.100,2.6,7.000,9.600,2.2,7.600,9.800,1.6,8.500,10.100,2.4,9.000,11.400,1.9,8.200,10.100),('KUBALA Kacper','junior','330113','MKS Gdańsk',0.0,0.000,0.000,2.1,4.500,6.600,0.0,0.000,0.000,2.4,7.700,10.100,3.1,8.750,11.850,0.0,0.000,0.000,0.0,0.000,0.000,2.2,6.500,8.700,0.0,0.000,0.000,0.0,0.000,0.000,3.1,8.000,11.100,0.0,0.000,0.000,0.0,0.000,0.000,2.2,6.200,8.400,0.0,0.000,0.000,1.6,9.450,11.050,2.4,9.100,11.500,0.0,0.000,0.000,3.2,6.900,10.100,2.0,3.500,5.500,0.0,0.000,0.000,2.4,8.200,10.600,2.4,8.500,10.900,0.0,0.000,0.000),('JANKOWSKI Dominik','junior','330115','MKS Gdańsk',4.0,8.200,12.200,2.6,7.700,10.300,2.4,7.800,10.200,4.0,7.900,11.900,0.0,0.000,0.000,0.0,0.000,0.000,3.4,8.400,11.800,2.6,8.550,11.150,2.4,7.900,10.300,2.8,9.050,11.850,3.1,8.550,11.650,1.8,8.400,10.200,3.8,7.100,10.900,2.6,7.650,10.250,2.4,8.050,10.450,2.8,9.200,12.000,3.1,7.100,10.200,1.8,8.400,10.200,3.4,7.500,10.900,2.6,7.200,9.800,2.0,7.900,9.900,2.8,8.400,11.200,2.4,8.800,11.200,1.8,7.900,9.700),('KLIMCZUK Michał','junior','330118','MKS Gdańsk',0.0,0.000,0.000,2.6,4.900,7.500,0.0,0.000,0.000,2.4,8.800,11.200,2.4,8.100,10.500,1.8,8.000,9.800,NULL,NULL,NULL,NULL,NULL,NULL,NULL,NULL,NULL,NULL,NULL,NULL,NULL,NULL,NULL,NULL,NULL,NULL,0.0,0.000,0.000,2.6,7.650,10.250,1.7,7.850,9.550,1.6,8.800,10.400,2.4,8.000,10.400,1.8,8.800,10.600,3.4,7.100,10.500,2.6,6.500,9.100,0.0,0.000,0.000,1.6,8.800,10.400,2.4,8.800,11.200,1.8,7.800,9.600),('KAŚKÓW Paweł','senior','33059','KS AZS AWFiS Gdańsk',4.4,8.700,13.100,4.2,8.000,12.200,3.8,8.200,12.000,4.0,9.000,13.000,3.8,7.550,11.350,4.1,8.400,12.500,NULL,NULL,NULL,NULL,NULL,NULL,NULL,NULL,NULL,NULL,NULL,NULL,NULL,NULL,NULL,NULL,NULL,NULL,3.7,7.100,10.800,4.4,7.200,11.600,3.8,8.350,12.150,4.0,9.150,13.150,4.0,8.300,12.300,4.0,8.050,12.050,NULL,NULL,NULL,NULL,NULL,NULL,NULL,NULL,NULL,NULL,NULL,NULL,NULL,NULL,NULL,NULL,NULL,NULL),('PAWŁOWSKI Jakub','senior','33097','MKS Gdańsk',NULL,NULL,NULL,NULL,NULL,NULL,NULL,NULL,NULL,NULL,NULL,NULL,NULL,NULL,NULL,NULL,NULL,NULL,4.0,7.850,11.850,2.6,0.000,2.600,3.8,7.000,10.800,4.0,8.400,12.400,0.0,0.000,0.000,0.0,0.000,0.000,4.0,7.900,11.900,2.9,5.000,7.900,3.0,6.350,9.350,4.0,9.250,13.250,2.9,8.500,11.400,0.0,0.000,0.000,3.6,5.700,9.300,3.4,8.400,11.800,0.0,0.000,0.000,4.0,8.900,12.900,0.0,0.000,0.000,0.0,0.000,0.000),('CHRUŚCIEL Szymon','senior','33132','KS AZS AWF Kraków',4.5,7.350,11.850,3.2,6.100,9.300,3.6,7.500,11.100,3.0,9.300,12.300,3.7,7.850,11.550,3.2,7.200,10.400,4.1,6.250,10.350,3.2,4.750,7.950,3.4,7.300,10.700,3.2,9.250,12.450,4.2,7.500,11.700,2.8,8.000,10.800,4.1,8.400,12.500,3.2,4.600,7.800,2.9,6.150,9.050,3.2,9.300,12.500,3.6,7.900,11.500,2.9,7.250,10.150,4.1,7.300,11.400,3.5,5.500,9.000,3.1,7.300,10.400,3.2,8.300,11.500,4.2,7.700,11.900,2.5,8.700,11.200),('KORBIEL Franciszek','junior','33134','KS AZS AWF Kraków',3.3,8.300,11.600,4.4,7.850,12.250,2.3,7.300,9.600,2.4,8.850,11.250,3.1,8.500,11.600,3.0,7.800,10.800,3.3,8.300,11.600,4.3,7.900,12.200,3.0,8.000,11.000,3.2,8.600,11.800,3.1,8.000,11.100,3.0,7.200,10.200,3.3,7.250,10.550,3.6,7.450,11.050,2.3,6.850,9.150,2.4,8.300,10.700,3.1,8.400,11.500,3.1,7.650,10.750,3.3,5.900,9.200,3.9,8.200,12.100,2.3,7.800,10.100,2.4,8.200,10.600,3.2,8.600,11.800,2.8,6.500,9.300),('MISHCHENKO Oleksandr','junior','33333','MKS Kusy Szczecin',4.0,7.800,11.800,7.6,3.150,10.750,8.0,2.900,10.900,4.0,8.500,12.500,3.1,8.650,11.750,3.4,7.800,11.200,NULL,NULL,NULL,NULL,NULL,NULL,NULL,NULL,NULL,NULL,NULL,NULL,NULL,NULL,NULL,NULL,NULL,NULL,NULL,NULL,NULL,NULL,NULL,NULL,NULL,NULL,NULL,NULL,NULL,NULL,NULL,NULL,NULL,NULL,NULL,NULL,4.2,6.300,10.500,2.7,6.000,8.700,2.2,7.700,9.900,4.0,8.900,12.900,3.2,7.400,10.600,3.2,7.500,10.700),('JAKUBOWSKI Jakub','senior','33661','KS AZS AWFiS Gdańsk',4.2,8.600,12.800,3.8,7.100,10.900,3.5,6.700,10.200,2.8,9.200,12.000,2.6,5.650,8.250,0.0,0.000,0.000,3.9,8.000,11.900,4.0,7.800,11.800,2.6,3.000,5.600,0.0,0.000,0.000,2.8,7.500,10.300,0.0,0.000,0.000,4.2,7.550,11.750,4.2,8.000,12.200,0.0,0.000,0.000,0.0,0.000,0.000,2.9,7.200,10.100,0.0,0.000,0.000,3.9,7.200,11.100,3.8,7.600,11.400,2.7,6.000,8.700,2.8,8.300,11.100,2.4,4.000,6.400,0.0,0.000,0.000),('BIAŁOWĄS Oliwier','senior','33662','CWZS Zawisza KG Bydgoszcz',NULL,NULL,NULL,NULL,NULL,NULL,NULL,NULL,NULL,NULL,NULL,NULL,NULL,NULL,NULL,NULL,NULL,NULL,4.5,6.200,10.700,0.0,0.000,0.000,0.0,0.000,0.000,3.2,8.800,12.000,0.0,0.000,0.000,0.0,0.000,0.000,NULL,NULL,NULL,NULL,NULL,NULL,NULL,NULL,NULL,NULL,NULL,NULL,NULL,NULL,NULL,NULL,NULL,NULL,4.4,4.500,8.900,0.0,0.000,0.000,0.0,0.000,0.000,0.0,0.000,0.000,0.0,0.000,0.000,0.0,0.000,0.000),('KUZDRA Christian','junior','33663','MKS Gdańsk',3.8,8.700,12.500,4.4,7.000,11.400,3.6,7.800,11.400,1.6,8.800,10.400,3.2,8.600,11.800,3.4,7.400,10.800,3.7,8.100,11.800,3.9,7.000,10.900,3.9,8.100,12.000,2.4,8.900,11.300,3.7,7.450,11.150,3.4,7.500,10.900,3.6,8.250,11.850,3.6,8.400,12.000,3.7,7.450,11.150,3.2,8.700,11.900,3.7,8.000,11.700,3.4,8.600,12.000,3.6,7.400,11.000,3.6,8.300,11.900,3.4,7.700,11.100,2.4,7.200,9.600,3.4,7.300,10.700,2.7,7.500,10.200),('KUZDRA Konrad','senior','33664','MKS Gdańsk',NULL,NULL,NULL,NULL,NULL,NULL,NULL,NULL,NULL,NULL,NULL,NULL,NULL,NULL,NULL,NULL,NULL,NULL,0.0,0.000,0.000,2.7,7.000,9.700,2.5,7.200,9.700,0.0,0.000,0.000,2.8,7.400,10.200,2.1,6.900,9.000,0.0,0.000,0.000,0.0,0.000,0.000,0.0,0.000,0.000,0.0,0.000,0.000,0.0,0.000,0.000,0.0,0.000,0.000,3.2,7.000,10.200,2.4,5.800,8.200,2.2,7.700,9.900,2.4,8.000,10.400,2.7,7.900,10.600,1.9,4.200,6.100),('BOBER Michał','senior','33750','UKS SP7 Łódź',4.2,6.300,10.500,3.9,7.800,11.700,4.0,7.300,11.300,3.6,7.800,11.400,4.0,8.150,12.150,3.0,7.200,10.200,3.9,7.850,11.750,3.8,6.200,10.000,3.8,8.400,12.200,3.2,9.150,12.350,3.8,8.750,12.550,2.6,7.500,10.100,3.9,8.000,11.900,3.7,7.000,10.700,3.8,8.050,11.850,3.2,9.050,12.250,3.8,8.500,12.300,3.0,8.100,11.100,3.8,7.400,11.200,3.1,7.600,10.700,3.4,6.000,9.400,3.2,8.300,11.500,3.1,6.900,10.000,2.6,7.300,9.900),('SZYMCZYK Radosław','senior','33928','KS AZS AWF Kraków',0.0,0.000,0.000,4.0,8.650,12.650,0.0,0.000,0.000,0.0,0.000,0.000,0.0,0.000,0.000,0.0,0.000,0.000,3.7,7.950,11.650,3.7,8.600,12.300,0.0,0.000,0.000,4.0,8.900,12.900,0.0,0.000,0.000,0.0,0.000,0.000,4.1,7.950,12.050,3.7,8.850,12.550,0.0,0.000,0.000,4.4,9.350,13.750,0.0,0.000,0.000,0.0,0.000,0.000,NULL,NULL,NULL,NULL,NULL,NULL,NULL,NULL,NULL,NULL,NULL,NULL,NULL,NULL,NULL,NULL,NULL,NULL),('IAREMCHUK Vladyslav','senior','Z/02/00023','KS AZS AWF Katowice',NULL,NULL,NULL,NULL,NULL,NULL,NULL,NULL,NULL,NULL,NULL,NULL,NULL,NULL,NULL,NULL,NULL,NULL,0.0,0.000,0.000,4.5,7.300,11.800,4.6,8.100,12.700,0.0,0.000,0.000,4.0,6.600,10.600,0.0,0.000,0.000,0.0,0.000,0.000,4.7,6.800,11.500,4.2,8.500,12.700,0.0,0.000,0.000,3.8,7.200,11.000,0.0,0.000,0.000,NULL,NULL,NULL,NULL,NULL,NULL,NULL,NULL,NULL,NULL,NULL,NULL,NULL,NULL,NULL,NULL,NULL,NULL),('ŻEMEŁKA Dawid','junior','Z/06/00087','MKS Gdańsk',NULL,NULL,NULL,NULL,NULL,NULL,NULL,NULL,NULL,NULL,NULL,NULL,NULL,NULL,NULL,NULL,NULL,NULL,2.9,8.200,11.100,2.2,5.750,7.950,1.7,6.800,8.500,1.6,9.000,10.600,2.4,8.600,11.000,1.8,7.700,9.500,3.1,7.700,10.800,2.2,2.750,4.950,2.1,6.650,8.750,1.6,9.000,10.600,3.1,8.600,11.700,1.9,7.750,9.650,2.9,7.800,10.700,2.5,5.500,8.000,1.7,7.700,9.400,1.6,8.800,10.400,2.4,8.000,10.400,1.5,2.500,4.000),('ĆWIEK Tymoteusz','junior','Z/06/00130','KS AZS AWF Kraków',3.0,8.300,11.300,2.6,4.400,7.000,2.9,6.700,9.600,3.2,9.000,12.200,3.1,7.450,10.550,0.0,0.000,0.000,NULL,NULL,NULL,NULL,NULL,NULL,NULL,NULL,NULL,NULL,NULL,NULL,NULL,NULL,NULL,NULL,NULL,NULL,2.6,7.800,10.400,2.4,5.700,8.100,1.8,6.800,8.600,2.4,7.800,10.200,2.3,7.450,9.750,0.0,0.000,0.000,NULL,NULL,NULL,NULL,NULL,NULL,NULL,NULL,NULL,NULL,NULL,NULL,NULL,NULL,NULL,NULL,NULL,NULL),('KOPERSKI Filip','junior','Z/07/00266','KS AZS AWF Kraków',NULL,NULL,NULL,NULL,NULL,NULL,NULL,NULL,NULL,NULL,NULL,NULL,NULL,NULL,NULL,NULL,NULL,NULL,3.4,8.200,11.600,2.9,7.200,10.100,3.4,8.200,11.600,4.0,7.950,11.950,3.0,8.200,11.200,2.7,8.000,10.700,3.4,7.950,11.350,2.9,8.150,11.050,3.4,7.900,11.300,4.0,8.800,12.800,3.0,8.100,11.100,2.6,7.650,10.250,3.1,7.300,10.400,2.9,8.100,11.000,3.4,6.000,9.400,2.8,8.600,11.400,3.0,9.000,12.000,2.4,7.200,9.600),('AZUMI Vincent','junior','Z/07/00342','MKS Gdańsk',NULL,NULL,NULL,NULL,NULL,NULL,NULL,NULL,NULL,NULL,NULL,NULL,NULL,NULL,NULL,NULL,NULL,NULL,3.7,8.300,12.000,0.0,0.000,0.000,3.7,8.100,11.800,0.0,0.000,0.000,0.0,0.000,0.000,2.7,8.000,10.700,3.9,7.350,11.250,0.0,0.000,0.000,3.7,7.800,11.500,0.0,0.000,0.000,0.0,0.000,0.000,2.7,9.100,11.800,NULL,NULL,NULL,NULL,NULL,NULL,NULL,NULL,NULL,NULL,NULL,NULL,NULL,NULL,NULL,NULL,NULL,NULL),('LEKHAC Tomasz','junior','Z/08/00007','CWZS Zawisza KG Bydgoszcz',4.0,8.950,12.950,3.8,8.950,12.750,2.8,8.850,11.650,2.2,9.400,11.600,4.1,8.550,12.650,2.6,9.000,11.600,4.0,8.700,12.700,3.8,8.900,12.700,2.6,8.200,10.800,2.2,9.050,11.250,4.2,9.100,13.300,2.7,9.100,11.800,4.0,8.450,12.450,3.8,8.550,12.350,2.8,8.400,11.200,2.2,9.050,11.250,4.2,8.600,12.800,2.7,9.450,12.150,4.0,7.900,11.900,3.7,8.800,12.500,2.8,8.400,11.200,2.2,8.300,10.500,4.2,7.700,11.900,2.7,9.300,12.000),('RZEŹNICKI Gracjan','junior','Z/08/00032','KS Iskra Zabrze',NULL,NULL,NULL,NULL,NULL,NULL,NULL,NULL,NULL,NULL,NULL,NULL,NULL,NULL,NULL,NULL,NULL,NULL,0.0,0.000,0.000,0.0,0.000,0.000,0.0,0.000,0.000,1.6,8.300,9.900,0.0,0.000,0.000,0.0,0.000,0.000,NULL,NULL,NULL,NULL,NULL,NULL,NULL,NULL,NULL,NULL,NULL,NULL,NULL,NULL,NULL,NULL,NULL,NULL,NULL,NULL,NULL,NULL,NULL,NULL,NULL,NULL,NULL,NULL,NULL,NULL,NULL,NULL,NULL,NULL,NULL,NULL),('LESIŃSKI Piotr','senior','Z/1999/55','KS AZS AWFiS Gdańsk',NULL,NULL,NULL,NULL,NULL,NULL,NULL,NULL,NULL,NULL,NULL,NULL,NULL,NULL,NULL,NULL,NULL,NULL,NULL,NULL,NULL,NULL,NULL,NULL,NULL,NULL,NULL,NULL,NULL,NULL,NULL,NULL,NULL,NULL,NULL,NULL,4.4,7.050,11.450,0.0,0.000,0.000,0.0,0.000,0.000,2.8,8.550,11.350,2.7,8.550,11.250,0.0,0.000,0.000,NULL,NULL,NULL,NULL,NULL,NULL,NULL,NULL,NULL,NULL,NULL,NULL,NULL,NULL,NULL,NULL,NULL,NULL),('LUKIANIENKO Illia','senior','Z/2000/104','MKS Kusy Szczecin',NULL,NULL,NULL,NULL,NULL,NULL,NULL,NULL,NULL,NULL,NULL,NULL,NULL,NULL,NULL,NULL,NULL,NULL,NULL,NULL,NULL,NULL,NULL,NULL,NULL,NULL,NULL,NULL,NULL,NULL,NULL,NULL,NULL,NULL,NULL,NULL,4.8,7.700,12.500,4.6,7.700,12.300,4.0,7.650,11.650,4.0,9.300,13.300,4.3,7.100,11.400,3.7,8.150,11.850,NULL,NULL,NULL,NULL,NULL,NULL,NULL,NULL,NULL,NULL,NULL,NULL,NULL,NULL,NULL,NULL,NULL,NULL),('SIUTA Jakub','senior','Z/2000/105','KS AZS AWF Katowice',NULL,NULL,NULL,NULL,NULL,NULL,NULL,NULL,NULL,NULL,NULL,NULL,NULL,NULL,NULL,NULL,NULL,NULL,3.3,8.400,11.700,0.0,0.000,0.000,2.6,1.700,4.300,0.0,0.000,0.000,0.0,0.000,0.000,0.0,0.000,0.000,3.5,7.450,10.950,0.0,0.000,0.000,2.9,5.750,8.650,0.0,0.000,0.000,0.0,0.000,0.000,0.0,0.000,0.000,NULL,NULL,NULL,NULL,NULL,NULL,NULL,NULL,NULL,NULL,NULL,NULL,NULL,NULL,NULL,NULL,NULL,NULL),('KORNIICHUK Yehor','senior','Z/2001/135','KS AZS AWFiS Gdańsk',NULL,NULL,NULL,NULL,NULL,NULL,NULL,NULL,NULL,NULL,NULL,NULL,NULL,NULL,NULL,NULL,NULL,NULL,5.0,6.800,11.800,3.3,6.000,9.300,4.1,7.600,11.700,5.2,8.250,13.450,4.3,8.200,12.500,3.7,7.950,11.650,4.9,7.600,12.500,3.6,6.700,10.300,4.1,7.800,11.900,5.2,7.650,12.850,0.0,0.000,0.000,3.7,7.400,11.100,NULL,NULL,NULL,NULL,NULL,NULL,NULL,NULL,NULL,NULL,NULL,NULL,NULL,NULL,NULL,NULL,NULL,NULL),('LAKHIN Yaroslav','senior','Z/2003/308','CWZS Zawisza KG Bydgoszcz',NULL,NULL,NULL,NULL,NULL,NULL,NULL,NULL,NULL,NULL,NULL,NULL,NULL,NULL,NULL,NULL,NULL,NULL,3.8,7.300,11.100,4.2,8.250,12.450,3.8,7.800,11.600,3.2,9.450,12.650,3.5,8.050,11.550,2.2,8.100,10.300,3.9,7.900,11.800,4.2,8.500,12.700,3.4,7.700,11.100,3.2,9.050,12.250,3.5,9.100,12.600,2.5,8.150,10.650,NULL,NULL,NULL,NULL,NULL,NULL,NULL,NULL,NULL,NULL,NULL,NULL,NULL,NULL,NULL,NULL,NULL,NULL),('HERASYMOV Mykyta','senior','Z/2003/338','KS AZS AWFiS Gdańsk',NULL,NULL,NULL,NULL,NULL,NULL,NULL,NULL,NULL,NULL,NULL,NULL,NULL,NULL,NULL,NULL,NULL,NULL,0.0,0.000,0.000,3.4,7.000,10.400,2.9,6.700,9.600,0.0,0.000,0.000,2.4,8.600,11.000,0.0,0.000,0.000,0.0,0.000,0.000,3.3,4.150,7.450,2.5,6.550,9.050,0.0,0.000,0.000,2.5,8.700,11.200,2.6,6.950,9.550,NULL,NULL,NULL,NULL,NULL,NULL,NULL,NULL,NULL,NULL,NULL,NULL,NULL,NULL,NULL,NULL,NULL,NULL);
/*!40000 ALTER TABLE `all_around_2022` ENABLE KEYS */;
UNLOCK TABLES;

--
-- Table structure for table `all_clubs`
--

DROP TABLE IF EXISTS `all_clubs`;
/*!40101 SET @saved_cs_client     = @@character_set_client */;
/*!50503 SET character_set_client = utf8mb4 */;
CREATE TABLE `all_clubs` (
  `Club` varchar(60) NOT NULL,
  `City` varchar(45) DEFAULT NULL,
  `Full_adress` varchar(120) DEFAULT NULL,
  `Number_of_junior` int DEFAULT NULL,
  `Number_of_senior` int DEFAULT NULL,
  `Total_number_of_gymnasts` int DEFAULT NULL,
  PRIMARY KEY (`Club`)
) ENGINE=InnoDB DEFAULT CHARSET=utf8mb4 COLLATE=utf8mb4_0900_ai_ci;
/*!40101 SET character_set_client = @saved_cs_client */;

--
-- Dumping data for table `all_clubs`
--

LOCK TABLES `all_clubs` WRITE;
/*!40000 ALTER TABLE `all_clubs` DISABLE KEYS */;
INSERT INTO `all_clubs` VALUES ('CWZS Zawisza KG Bydgoszcz','Bydgoszcz','ul. ​Gdańska 163; 85-915 Bydgoszcz',1,2,3),('KG Radlin','Radlin','ul. Sokolska 6; 44-310 Radlin',4,0,4),('KS AZS AWF Katowice','Katowice','ul.Mikołowska 72A; 40-065 Katowice',0,7,7),('KS AZS AWF Kraków','Kraków','ul. Śniadeckich 12b; 31-531 Kraków',5,3,8),('KS AZS AWFiS Gdańsk','Gdańsk','ul. Czyżewskiego 30a; 80-336 Gdańsk',0,6,6),('KS Iskra Zabrze','Zabrze','ul. Filipiny Płaskowickiej 2; 41-806 Zabrze',1,0,1),('MKS Gdańsk','Gdańsk','ul. Subisława 22; 80-354 Gdańsk',8,4,12),('MKS Kusy Szczecin','Szczecin','ul. Narutowicza 17; 70-240 Szczecin',3,5,8),('NTG Nysa','Nysa','ul. Bramy Grodkowskiej 4; 48-300 Nysa',1,1,2),('UKS SP7 Łódź','Łódź','ul.Wiosenna 1; 95-535 Łódź',0,1,1);
/*!40000 ALTER TABLE `all_clubs` ENABLE KEYS */;
UNLOCK TABLES;

--
-- Table structure for table `all_gymnasts`
--

DROP TABLE IF EXISTS `all_gymnasts`;
/*!40101 SET @saved_cs_client     = @@character_set_client */;
/*!50503 SET character_set_client = utf8mb4 */;
CREATE TABLE `all_gymnasts` (
  `Name` varchar(45) DEFAULT NULL,
  `License_number` varchar(20) NOT NULL,
  `Category` varchar(45) DEFAULT NULL,
  `Birth_year` int DEFAULT NULL,
  `Club` varchar(60) DEFAULT NULL,
  `Number_of_competition` int DEFAULT NULL,
  `Place_of_competition` text,
  `Number_of_finals_in_Polish_Championship` int DEFAULT NULL,
  `Number_of_medals_in_2022` int DEFAULT NULL,
  PRIMARY KEY (`License_number`),
  KEY `gymnasts_club_idx` (`Club`),
  CONSTRAINT `gymnasts_club` FOREIGN KEY (`Club`) REFERENCES `all_clubs` (`Club`)
) ENGINE=InnoDB DEFAULT CHARSET=utf8mb4 COLLATE=utf8mb4_0900_ai_ci;
/*!40101 SET character_set_client = @saved_cs_client */;

--
-- Dumping data for table `all_gymnasts`
--

LOCK TABLES `all_gymnasts` WRITE;
/*!40000 ALTER TABLE `all_gymnasts` DISABLE KEYS */;
INSERT INTO `all_gymnasts` VALUES ('KOLORZ Maks','111111','junior',2007,'KG Radlin',1,'Bydgoszcz',0,0),('RUS Gracjan','111112','junior',2007,'KG Radlin',1,'Bydgoszcz',0,0),('MYSZI Dominik','111113','junior',2008,'KG Radlin',1,'Bydgoszcz',0,0),('SZCZUBIAŁ Bartłomiej','222222','junior',2008,'KS AZS AWF Kraków',1,'Bydgoszcz',0,0),('FRONT Filip','30170','senior',2002,'KS AZS AWFiS Gdańsk',3,'Zabrze, Kraków, Gdańsk',2,0),('KWIATKOWSKI Michał','30185','junior',2005,'MKS Kusy Szczecin',4,'Bydgoszcz, Zabrze, Kraków, Gdańsk',3,5),('KUŹMIŃSKI Bartosz','30186','senior',2004,'MKS Kusy Szczecin',3,'Bydgoszcz, Zabrze, Kraków',0,0),('SIEDZIAKO Igor','30189','senior',2004,'MKS Kusy Szczecin',3,'Bydgoszcz, Zabrze, Kraków',0,0),('KUROWSKI Jakub','30190','senior',2004,'MKS Kusy Szczecin',4,'Bydgoszcz, Zabrze, Kraków, Gdańsk',3,2),('PIETRUSZKIEWICZ Jakub','30192','senior',2003,'MKS Kusy Szczecin',2,'Zabrze, Kraków',0,0),('CZARNECKI Aleksander','30195','junior',2005,'MKS Kusy Szczecin',4,'Bydgoszcz, Zabrze, Kraków, Gdańsk',0,2),('GAWROŃSKI Sebastian','32203','senior',1996,'KS AZS AWF Katowice',2,'Kraków, Gdańsk',3,4),('GARNCZAREK Kacper','32211','senior',2002,'KS AZS AWF Katowice',3,'Zabrze, Kraków, Gdańsk',5,6),('LUDYNIA Marceli','32213','senior',2001,'KS AZS AWF Katowice',4,'Bydgoszcz, Zabrze, Kraków, Gdańsk',1,1),('MARCZEWSKI Stanisław','32361','junior',2007,'MKS Gdańsk',2,'Bydgoszcz, Zabrze',0,0),('WIERZBA Kacper','32450','senior',2003,'MKS Gdańsk',3,'Zabrze, Kraków, Gdańsk',2,0),('ŁUCKI Miłosz','32453','junior',2006,'KG Radlin',1,'Kraków',3,0),('NOWAK Maciej','32524','senior',2001,'KS AZS AWF Katowice',1,'Bydgoszcz',0,1),('BRACKI Borys','32570','senior',2004,'KS AZS AWF Katowice',4,'Bydgoszcz, Zabrze, Kraków, Gdańsk',4,1),('SADZA Jakub','326132','junior',2006,'NTG Nysa',1,'Kraków',2,1),('WROŃSKI Filip','32670','senior',2001,'NTG Nysa',2,'Zabrze, Gdańsk',0,1),('SASNAL Filip','32804','senior',1997,'KS AZS AWF Kraków',4,'Bydgoszcz, Zabrze, Kraków, Gdańsk',5,9),('KOŁODZIEJCZYK Karol','32980','junior',2007,'KS AZS AWF Kraków',4,'Bydgoszcz, Zabrze, Kraków, Gdańsk',3,1),('KLIMCZUK Paweł','330103','senior',2004,'MKS Gdańsk',2,'Zabrze, Kraków',0,0),('MOSKAL Błażej','330111','junior',2006,'MKS Gdańsk',4,'Bydgoszcz, Zabrze, Kraków, Gdańsk',3,0),('KUBALA Kacper','330113','junior',2006,'MKS Gdańsk',4,'Bydgoszcz, Zabrze, Kraków, Gdańsk',2,0),('JANKOWSKI Dominik','330115','junior',2007,'MKS Gdańsk',4,'Bydgoszcz, Zabrze, Kraków, Gdańsk',3,2),('KLIMCZUK Michał','330118','junior',2006,'MKS Gdańsk',3,'Bydgoszcz, Kraków, Gdańsk',3,0),('KAŚKÓW Paweł','33059','senior',2000,'KS AZS AWFiS Gdańsk',2,'Bydgoszcz, Kraków',5,3),('PAWŁOWSKI Jakub','33097','senior',2004,'MKS Gdańsk',3,'Zabrze, Kraków, Gdańsk',1,0),('CHRUŚCIEL Szymon','33132','senior',2004,'KS AZS AWF Kraków',4,'Bydgoszcz, Zabrze, Kraków, Gdańsk',3,0),('KORBIEL Franciszek','33134','junior',2006,'KS AZS AWF Kraków',4,'Bydgoszcz, Zabrze, Kraków, Gdańsk',3,2),('MISHCHENKO Oleksandr','33333','junior',2005,'MKS Kusy Szczecin',2,'BydgoszczGdańsk',0,1),('JAKUBOWSKI Jakub','33661','senior',2003,'KS AZS AWFiS Gdańsk',4,'Bydgoszcz, Zabrze, Kraków, Gdańsk',1,0),('BIAŁOWĄS Oliwier','33662','senior',2004,'CWZS Zawisza KG Bydgoszcz',2,'Zabrze, Gdańsk',0,0),('KUZDRA Christian','33663','junior',2006,'MKS Gdańsk',4,'Bydgoszcz, Zabrze, Kraków, Gdańsk',3,4),('KUZDRA Konrad','33664','senior',2003,'MKS Gdańsk',3,'Zabrze, Kraków, Gdańsk',0,0),('BOBER Michał','33750','senior',2002,'UKS SP7 Łódź',4,'Bydgoszcz, Zabrze, Kraków, Gdańsk',3,1),('SZYMCZYK Radosław','33928','senior',2004,'KS AZS AWF Kraków',3,'Bydgoszcz, Zabrze, Kraków',3,0),('IAREMCHUK Vladyslav','Z/02/00023','senior',2002,'KS AZS AWF Katowice',2,'Zabrze, Kraków',1,0),('ŻEMEŁKA Dawid','Z/06/00087','junior',2006,'MKS Gdańsk',3,'Zabrze, Kraków, Gdańsk',3,0),('ĆWIEK Tymoteusz','Z/06/00130','junior',2006,'KS AZS AWF Kraków',2,'Bydgoszcz, Kraków',3,0),('KOPERSKI Filip','Z/07/00266','junior',2007,'KS AZS AWF Kraków',3,'Zabrze, Kraków, Gdańsk',3,4),('AZUMI Vincent','Z/07/00342','junior',2007,'MKS Gdańsk',2,'Zabrze, Kraków',3,2),('LEKHAC Tomasz','Z/08/00007','junior',2008,'CWZS Zawisza KG Bydgoszcz',4,'Bydgoszcz, Zabrze, Kraków, Gdańsk',3,7),('RZEŹNICKI Gracjan','Z/08/00032','junior',2008,'KS Iskra Zabrze',1,'Zabrze',0,0),('LESIŃSKI Piotr','Z/1999/55','senior',1999,'KS AZS AWFiS Gdańsk',1,'Kraków',0,0),('LUKIANIENKO Illia','Z/2000/104','senior',2000,'MKS Kusy Szczecin',1,'Kraków',4,1),('SIUTA Jakub','Z/2000/105','senior',2000,'KS AZS AWF Katowice',2,'Zabrze, Kraków',0,0),('KORNIICHUK Yehor','Z/2001/135','senior',2001,'KS AZS AWFiS Gdańsk',2,'Zabrze, Kraków',0,0),('LAKHIN Yaroslav','Z/2003/308','senior',2003,'CWZS Zawisza KG Bydgoszcz',2,'Zabrze, Kraków',2,1),('HERASYMOV Mykyta','Z/2003/338','senior',2003,'KS AZS AWFiS Gdańsk',2,'Zabrze, Kraków',0,0);
/*!40000 ALTER TABLE `all_gymnasts` ENABLE KEYS */;
UNLOCK TABLES;

--
-- Table structure for table `bydgoszcz_2022`
--

DROP TABLE IF EXISTS `bydgoszcz_2022`;
/*!40101 SET @saved_cs_client     = @@character_set_client */;
/*!50503 SET character_set_client = utf8mb4 */;
CREATE TABLE `bydgoszcz_2022` (
  `Rk` int DEFAULT NULL,
  `Name` varchar(45) DEFAULT NULL,
  `Category` varchar(20) DEFAULT NULL,
  `Birth_year` int DEFAULT NULL,
  `License_number` varchar(20) DEFAULT NULL,
  `Club` varchar(60) DEFAULT NULL,
  `FX_Dscore` decimal(10,1) DEFAULT NULL,
  `FX_Escore` decimal(10,3) DEFAULT NULL,
  `FX_Total_Score` decimal(10,3) DEFAULT NULL,
  `PH_Dscore` decimal(10,1) DEFAULT NULL,
  `PH_Escore` decimal(10,3) DEFAULT NULL,
  `PH_Total_Score` decimal(10,3) DEFAULT NULL,
  `SR_Dscore` decimal(10,1) DEFAULT NULL,
  `SR_Escore` decimal(10,3) DEFAULT NULL,
  `SR_Total_Score` decimal(10,3) DEFAULT NULL,
  `VT_Dscore` decimal(10,1) DEFAULT NULL,
  `VT_Escore` decimal(10,3) DEFAULT NULL,
  `VT_total_score` decimal(10,3) DEFAULT NULL,
  `PB_Dscore` decimal(10,1) DEFAULT NULL,
  `PB_Escore` decimal(10,3) DEFAULT NULL,
  `PB_total_score` decimal(10,3) DEFAULT NULL,
  `HB_Dscore` decimal(10,1) DEFAULT NULL,
  `HB_Escore` decimal(10,3) DEFAULT NULL,
  `HB_total_score` decimal(10,3) DEFAULT NULL,
  `Total_Score` decimal(10,3) DEFAULT NULL,
  KEY `bydoszcz_license_idx` (`License_number`),
  KEY `bydgoszcz_club_idx` (`Club`),
  CONSTRAINT `bydgoszcz_club` FOREIGN KEY (`Club`) REFERENCES `all_clubs` (`Club`),
  CONSTRAINT `bydgoszcz_license_number` FOREIGN KEY (`License_number`) REFERENCES `all_gymnasts` (`License_number`)
) ENGINE=InnoDB DEFAULT CHARSET=utf8mb4 COLLATE=utf8mb4_0900_ai_ci;
/*!40101 SET character_set_client = @saved_cs_client */;

--
-- Dumping data for table `bydgoszcz_2022`
--

LOCK TABLES `bydgoszcz_2022` WRITE;
/*!40000 ALTER TABLE `bydgoszcz_2022` DISABLE KEYS */;
INSERT INTO `bydgoszcz_2022` VALUES (1,'LEKHAC Tomasz','junior',2008,'Z/08/00007','CWZS Zawisza KG Bydgoszcz',4.0,8.950,12.950,3.8,8.950,12.750,2.8,8.850,11.650,2.2,9.400,11.600,4.1,8.550,12.650,2.6,9.000,11.600,73.200),(2,'MISHCHENKO Oleksandr','junior',2005,'33333','MKS Kusy Szczecin',4.0,7.800,11.800,7.6,3.100,10.750,8.0,2.900,10.900,4.0,8.500,12.500,3.1,8.650,11.750,3.4,7.800,11.200,68.900),(3,'KUZDRA Christian','junior',2006,'33663','MKS Gdańsk',3.8,8.700,12.500,4.4,7.000,11.400,3.6,7.800,11.400,1.6,8.800,10.400,3.2,8.600,11.800,3.4,7.400,10.800,68.300),(4,'KWIATKOWSKI Michał','junior',2005,'30185','MKS Kusy Szczecin',4.2,8.600,12.800,3.6,7.000,10.600,3.3,7.100,10.400,3.2,9.000,12.200,3.5,7.950,11.450,3.1,7.700,10.800,68.250),(5,'KORBIEL Franciszek','junior',2006,'33134','KS AZS AWF Kraków',3.3,8.300,11.600,4.4,7.850,12.250,2.3,7.300,9.600,2.4,8.850,11.250,3.1,8.500,11.600,3.0,7.800,10.800,67.100),(6,'KOŁODZIEJCZYK Karol','junior',2007,'32980','KS AZS AWF Kraków',3.4,8.400,11.800,3.0,8.600,11.600,2.3,7.300,9.600,2.8,8.500,11.300,3.1,8.700,11.800,2.4,7.800,10.200,66.300),(7,'CZARNECKI Aleksander','junior',2005,'30195','MKS Kusy Szczecin',4.0,8.950,12.950,3.3,6.650,9.950,2.6,6.900,9.500,2.8,8.600,11.400,3.2,8.450,11.650,2.4,7.900,10.300,65.750),(8,'SZCZUBIAŁ Bartłomiej','junior',2008,'222222','KS AZS AWF Kraków',3.8,7.800,11.600,3.0,7.600,10.600,2.3,7.150,9.450,2.2,9.100,11.300,3.0,8.050,11.050,2.4,9.100,11.500,65.500),(9,'MOSKAL Błażej','junior',2006,'330111','MKS Gdańsk',3.7,7.400,11.100,2.8,4.000,6.800,2.4,7.550,9.950,2.4,7.800,10.200,3.1,8.050,11.150,1.9,8.000,9.900,59.100),(10,'MARCZEWSKI Stanisław','junior',2007,'32361','MKS Gdańsk',3.2,7.300,10.500,2.6,6.000,8.600,2.8,8.100,10.900,1.6,8.700,10.300,2.5,5.700,8.200,1.9,8.100,10.000,58.500),(11,'ĆWIEK Tymoteusz','junior',2006,'Z/06/00130','KS AZS AWF Kraków',3.0,8.300,11.300,2.6,4.400,7.000,2.9,6.700,9.600,3.2,9.000,12.200,3.1,7.450,10.550,0.0,0.000,0.000,50.650),(12,'JANKOWSKI Dominik','junior',2007,'330115','MKS Gdańsk',4.0,8.200,12.200,2.6,7.700,10.300,2.4,7.800,10.200,4.0,7.900,11.900,0.0,0.000,0.000,0.0,0.000,0.000,44.600),(13,'KLIMCZUK Michal','junior',2006,'330118','MKS Gdańsk',0.0,0.000,0.000,2.6,4.900,7.500,0.0,0.000,0.000,2.4,8.800,11.200,2.4,8.100,10.500,1.8,8.000,9.800,39.000),(14,'KOLORZ Maks','junior',2007,'111111','KG Radlin',2.9,7.800,10.700,1.3,0.000,1.300,2.1,5.200,7.300,2.4,7.500,9.900,1.4,1.700,3.100,1.5,5.000,6.500,38.800),(15,'RUS Gracjan','junior',2007,'111112','KG Radlin',2.5,8.300,10.800,0.6,0.000,0.600,1.5,3.300,4.800,1.6,9.000,10.600,1.9,2.850,4.750,0.1,1.000,1.100,32.650),(16,'MYSZI Dominik','junior',2008,'111113','KG Radlin',3.0,8.200,11.200,1.5,0.000,1.500,2.1,6.500,8.600,0.0,0.000,0.000,2.0,3.450,5.450,1.0,3.100,4.100,30.850),(17,'KUBALA Kacper','junior',2006,'330113','MKS Gdańsk',0.0,0.000,0.000,2.1,4.500,6.600,0.0,0.000,0.000,2.4,7.700,10.100,3.1,8.750,11.850,0.0,0.000,0.000,28.550),(1,'SASNAL Filip','senior',1997,'32804','KS AZS AWF Kraków',5.8,7.800,13.600,4.4,7.100,11.500,4.6,7.200,11.800,4.8,8.700,13.500,4.2,8.600,12.800,4.4,8.000,12.400,75.600),(2,'KAŚKOW Paweł','senior',2000,'33059','KS AZS AWFiS Gdańsk',4.4,8.700,13.100,4.2,8.000,12.200,3.8,8.200,12.000,4.0,9.000,13.000,3.8,7.550,11.350,4.1,8.400,12.500,74.150),(3,'NOWAK Maciej','senior',2001,'32524','KS AZS AWF Katowice',4.5,8.700,13.200,3.8,7.900,11.700,2.7,8.000,10.700,3.2,9.500,12.700,3.4,7.900,11.300,3.6,8.000,11.600,71.200),(4,'BRACKI Borys','senior',2004,'32570','KS AZS AWF Katowice',3.6,9.000,12.600,3.6,7.550,11.150,3.9,6.400,10.300,3.6,8.400,12.000,3.7,8.450,12.150,3.0,7.600,10.600,68.600),(5,'BOBER Michał','senior',2002,'33750','UKS SP7 Łódź',4.2,6.300,10.500,3.9,7.800,11.700,4.0,7.300,11.300,3.6,7.800,11.400,4.0,8.150,12.150,3.0,7.200,10.200,67.250),(6,'LUDYNIA Marceli','senior',2001,'32213','KS AZS AWF Katowice',4.7,8.100,12.800,3.0,6.300,9.300,2.7,7.700,10.400,4.0,8.600,12.600,3.5,8.000,11.500,3.1,7.300,10.400,67.000),(7,'CHRUŚCIEL Szymon','senior',2004,'33132','KS AZS AWF Kraków',4.5,7.350,11.850,3.2,6.100,9.300,3.6,7.500,11.100,3.0,9.300,12.300,3.7,7.850,11.550,3.2,7.200,10.400,66.500),(8,'SIEDZIAKO Igor','senior',2004,'30189','MKS Kusy Szczecin',4.3,7.400,11.700,2.4,1.100,3.500,2.9,7.000,9.900,3.2,7.800,11.000,2.9,7.750,10.650,2.7,6.800,9.500,56.450),(9,'JAKUBOWSKI Jakub','senior',2003,'33661','KS AZS AWFiS Gdańsk',4.2,8.600,12.800,3.8,7.100,10.900,3.5,6.700,10.200,2.8,9.200,12.000,2.6,5.650,8.250,0.0,0.000,0.000,54.150),(10,'HERASYMOV Mykyta','senior',1999,'Z/2003/338','KS AZS AWFiS Gdańsk',0.0,0.000,0.000,3.3,4.100,7.400,3.2,7.650,10.850,0.0,0.000,0.000,2.5,8.800,11.300,3.0,7.000,10.000,39.550),(11,'LESIŃSKI Piotr','senior',2000,'Z/1999/55','KS AZS AWFiS Gdańsk',4.1,7.600,11.700,0.0,0.000,0.000,0.0,0.000,0.000,4.0,9.250,13.250,8.7,2.700,11.350,0.0,0.000,0.000,36.300),(12,'YAREMCHUK Vladyslav','senior',2002,'Z/02/00023','KS AZS AWF Katowice',0.0,0.000,0.000,3.8,4.150,7.950,4.1,8.400,12.500,0.0,0.000,0.000,0.0,0.000,0.000,3.8,8.400,12.200,32.650),(13,'KUROWSKI Jakub','senior',2004,'30190','MKS Kusy Szczecin',0.0,0.000,0.000,0.0,0.000,0.000,3.2,7.400,10.600,0.0,0.000,0.000,2.7,6.850,9.550,2.1,8.400,10.500,30.650),(14,'KUŹMIŃSKI Bartosz','senior',2004,'30186','MKS Kusy Szczecin',3.9,8.400,12.300,2.3,2.000,4.300,0.0,0.000,0.000,0.0,0.000,0.000,2.5,7.450,9.950,0.0,0.000,0.000,26.550),(15,'SZYMCZYK Radosław','senior',2004,'33928','KS AZS AWF Kraków',0.0,0.000,0.000,4.0,8.650,12.650,0.0,0.000,0.000,0.0,0.000,0.000,0.0,0.000,0.000,0.0,0.000,0.000,12.650);
/*!40000 ALTER TABLE `bydgoszcz_2022` ENABLE KEYS */;
UNLOCK TABLES;

--
-- Table structure for table `floor_exerise_2022`
--

DROP TABLE IF EXISTS `floor_exerise_2022`;
/*!40101 SET @saved_cs_client     = @@character_set_client */;
/*!50503 SET character_set_client = utf8mb4 */;
CREATE TABLE `floor_exerise_2022` (
  `Name` varchar(45) DEFAULT NULL,
  `Category` varchar(45) DEFAULT NULL,
  `License_number` varchar(20) NOT NULL,
  `Club` varchar(60) DEFAULT NULL,
  `bydgoszcz_FX_Dscore` decimal(10,1) DEFAULT NULL,
  `bydgoszcz_FX_Escore` decimal(10,3) DEFAULT NULL,
  `bydgoszcz_FX_Total_Score` decimal(10,3) DEFAULT NULL,
  `zabrze_FX_Dscore` decimal(10,1) DEFAULT NULL,
  `zabrze_FX_Escore` decimal(10,3) DEFAULT NULL,
  `zabrze_FX_Total_Score` decimal(10,3) DEFAULT NULL,
  `cracow_FX_Dscore` decimal(10,1) DEFAULT NULL,
  `cracow_FX_Escore` decimal(10,3) DEFAULT NULL,
  `cracow_FX_Total_Score` decimal(10,3) DEFAULT NULL,
  `gdansk_FX_Dscore` decimal(10,1) DEFAULT NULL,
  `gdansk_FX_Escore` decimal(10,3) DEFAULT NULL,
  `gdansk_FX_Total_Score` decimal(10,3) DEFAULT NULL
) ENGINE=InnoDB DEFAULT CHARSET=utf8mb4 COLLATE=utf8mb4_0900_ai_ci;
/*!40101 SET character_set_client = @saved_cs_client */;

--
-- Dumping data for table `floor_exerise_2022`
--

LOCK TABLES `floor_exerise_2022` WRITE;
/*!40000 ALTER TABLE `floor_exerise_2022` DISABLE KEYS */;
INSERT INTO `floor_exerise_2022` VALUES ('KOLORZ Maks','junior','111111','KG Radlin',2.9,7.800,10.700,NULL,NULL,NULL,NULL,NULL,NULL,NULL,NULL,NULL),('RUS Gracjan','junior','111112','KG Radlin',2.5,8.300,10.800,NULL,NULL,NULL,NULL,NULL,NULL,NULL,NULL,NULL),('MYSZI Dominik','junior','111113','KG Radlin',3.0,8.200,11.200,NULL,NULL,NULL,NULL,NULL,NULL,NULL,NULL,NULL),('SZCZUBIAŁ Bartłomiej','junior','222222','KS AZS AWF Kraków',3.8,7.800,11.600,NULL,NULL,NULL,NULL,NULL,NULL,NULL,NULL,NULL),('FRONT Filip','senior','30170','KS AZS AWFiS Gdańsk',NULL,NULL,NULL,0.0,0.000,0.000,0.0,0.000,0.000,0.0,0.000,0.000),('KWIATKOWSKI Michał','junior','30185','MKS Kusy Szczecin',4.2,8.600,12.800,4.2,8.550,12.750,4.2,8.300,12.500,4.1,7.800,11.900),('KUŹMIŃSKI Bartosz','senior','30186','MKS Kusy Szczecin',3.9,8.400,12.300,4.0,6.000,10.000,3.8,7.450,11.250,NULL,NULL,NULL),('SIEDZIAKO Igor','senior','30189','MKS Kusy Szczecin',4.3,7.400,11.700,4.2,7.300,11.500,4.4,7.550,11.950,NULL,NULL,NULL),('KUROWSKI Jakub','senior','30190','MKS Kusy Szczecin',0.0,0.000,0.000,4.2,8.350,12.550,4.5,8.000,12.500,4.0,6.300,10.300),('PIETRUSZKIEWICZ Jakub','senior','30192','MKS Kusy Szczecin',NULL,NULL,NULL,0.0,0.000,0.000,0.0,0.000,0.000,NULL,NULL,NULL),('CZARNECKI Aleksander','junior','30195','MKS Kusy Szczecin',4.0,8.950,12.950,4.3,8.150,12.450,0.0,0.000,0.000,4.4,7.500,11.900),('GAWROŃSKI Sebastian','senior','32203','KS AZS AWF Katowice',NULL,NULL,NULL,NULL,NULL,NULL,5.4,8.250,13.650,5.8,5.400,11.200),('GARNCZAREK Kacper','senior','32211','KS AZS AWF Katowice',NULL,NULL,NULL,5.3,8.150,13.450,5.3,7.250,12.550,5.4,7.400,12.800),('LUDYNIA Marceli','senior','32213','KS AZS AWF Katowice',4.7,8.100,12.800,4.7,8.700,13.400,4.5,8.150,12.650,4.7,6.700,11.400),('MARCZEWSKI Stanisław','junior','32361','MKS Gdańsk',3.2,7.300,10.500,0.0,0.000,0.000,NULL,NULL,NULL,NULL,NULL,NULL),('WIERZBA Kacper','senior','32450','MKS Gdańsk',NULL,NULL,NULL,4.4,8.100,12.500,4.1,6.700,10.800,3.9,7.900,11.800),('ŁUCKI Miłosz','junior','32453','KG Radlin',NULL,NULL,NULL,NULL,NULL,NULL,3.1,7.550,10.650,NULL,NULL,NULL),('NOWAK Maciej','senior','32524','KS AZS AWF Katowice',4.5,8.700,13.200,NULL,NULL,NULL,NULL,NULL,NULL,NULL,NULL,NULL),('BRACKI Borys','senior','32570','KS AZS AWF Katowice',3.6,9.000,12.600,3.4,8.700,12.100,3.6,8.400,12.000,3.6,7.450,11.050),('SADZA Jakub','junior','326132','NTG Nysa',NULL,NULL,NULL,NULL,NULL,NULL,3.5,7.850,11.350,NULL,NULL,NULL),('WROŃSKI Filip','senior','32670','NTG Nysa',NULL,NULL,NULL,3.8,8.400,12.200,NULL,NULL,NULL,3.9,7.300,11.200),('SASNAL Filip','senior','32804','KS AZS AWF Kraków',5.8,7.800,13.600,6.0,6.600,12.600,5.6,7.650,13.250,5.6,6.650,12.250),('KOŁODZIEJCZYK Karol','junior','32980','KS AZS AWF Kraków',3.4,8.400,11.800,3.1,8.350,11.450,3.4,8.050,11.450,3.3,7.200,10.500),('KLIMCZUK Paweł','senior','330103','MKS Gdańsk',NULL,NULL,NULL,0.0,0.000,0.000,0.0,0.000,0.000,NULL,NULL,NULL),('MOSKAL Błażej','junior','330111','MKS Gdańsk',3.7,7.400,11.100,3.2,8.150,11.350,3.5,7.650,11.150,3.2,7.900,11.100),('KUBALA Kacper','junior','330113','MKS Gdańsk',0.0,0.000,0.000,0.0,0.000,0.000,0.0,0.000,0.000,3.2,6.900,10.100),('JANKOWSKI Dominik','junior','330115','MKS Gdańsk',4.0,8.200,12.200,3.4,8.400,11.800,3.8,7.100,10.900,3.4,7.500,10.900),('KLIMCZUK Michał','junior','330118','MKS Gdańsk',0.0,0.000,0.000,NULL,NULL,NULL,0.0,0.000,0.000,3.4,7.100,10.500),('KAŚKÓW Paweł','senior','33059','KS AZS AWFiS Gdańsk',4.4,8.700,13.100,NULL,NULL,NULL,3.7,7.100,10.800,NULL,NULL,NULL),('PAWŁOWSKI Jakub','senior','33097','MKS Gdańsk',NULL,NULL,NULL,4.0,7.850,11.850,4.0,7.900,11.900,3.6,5.700,9.300),('CHRUŚCIEL Szymon','senior','33132','KS AZS AWF Kraków',4.5,7.350,11.850,4.1,6.250,10.350,4.1,8.400,12.500,4.1,7.300,11.400),('KORBIEL Franciszek','junior','33134','KS AZS AWF Kraków',3.3,8.300,11.600,3.3,8.300,11.600,3.3,7.250,10.550,3.3,5.900,9.200),('MISHCHENKO Oleksandr','junior','33333','MKS Kusy Szczecin',4.0,7.800,11.800,NULL,NULL,NULL,NULL,NULL,NULL,4.2,6.300,10.500),('JAKUBOWSKI Jakub','senior','33661','KS AZS AWFiS Gdańsk',4.2,8.600,12.800,3.9,8.000,11.900,4.2,7.550,11.750,3.9,7.200,11.100),('BIAŁOWĄS Oliwier','senior','33662','CWZS Zawisza KG Bydgoszcz',NULL,NULL,NULL,4.5,6.200,10.700,NULL,NULL,NULL,4.4,4.500,8.900),('KUZDRA Christian','junior','33663','MKS Gdańsk',3.8,8.700,12.500,3.7,8.100,11.800,3.6,8.250,11.850,3.6,7.400,11.000),('KUZDRA Konrad','senior','33664','MKS Gdańsk',NULL,NULL,NULL,0.0,0.000,0.000,0.0,0.000,0.000,3.2,7.000,10.200),('BOBER Michał','senior','33750','UKS SP7 Łódź',4.2,6.300,10.500,3.9,7.850,11.750,3.9,8.000,11.900,3.8,7.400,11.200),('SZYMCZYK Radosław','senior','33928','KS AZS AWF Kraków',0.0,0.000,0.000,3.7,7.950,11.650,4.1,7.950,12.050,NULL,NULL,NULL),('IAREMCHUK Vladyslav','senior','Z/02/00023','KS AZS AWF Katowice',NULL,NULL,NULL,0.0,0.000,0.000,0.0,0.000,0.000,NULL,NULL,NULL),('ŻEMEŁKA Dawid','junior','Z/06/00087','MKS Gdańsk',NULL,NULL,NULL,2.9,8.200,11.100,3.1,7.700,10.800,2.9,7.800,10.700),('ĆWIEK Tymoteusz','junior','Z/06/00130','KS AZS AWF Kraków',3.0,8.300,11.300,NULL,NULL,NULL,2.6,7.800,10.400,NULL,NULL,NULL),('KOPERSKI Filip','junior','Z/07/00266','KS AZS AWF Kraków',NULL,NULL,NULL,3.4,8.200,11.600,3.4,7.950,11.350,3.1,7.300,10.400),('AZUMI Vincent','junior','Z/07/00342','MKS Gdańsk',NULL,NULL,NULL,3.7,8.300,12.000,3.9,7.350,11.250,NULL,NULL,NULL),('LEKHAC Tomasz','junior','Z/08/00007','CWZS Zawisza KG Bydgoszcz',4.0,8.950,12.950,4.0,8.700,12.700,4.0,8.450,12.450,4.0,7.900,11.900),('RZEŹNICKI Gracjan','junior','Z/08/00032','KS Iskra Zabrze',NULL,NULL,NULL,0.0,0.000,0.000,NULL,NULL,NULL,NULL,NULL,NULL),('LESIŃSKI Piotr','senior','Z/1999/55','KS AZS AWFiS Gdańsk',NULL,NULL,NULL,NULL,NULL,NULL,4.4,7.050,11.450,NULL,NULL,NULL),('LUKIANIENKO Illia','senior','Z/2000/104','MKS Kusy Szczecin',NULL,NULL,NULL,NULL,NULL,NULL,4.8,7.700,12.500,NULL,NULL,NULL),('SIUTA Jakub','senior','Z/2000/105','KS AZS AWF Katowice',NULL,NULL,NULL,3.3,8.400,11.700,3.5,7.450,10.950,NULL,NULL,NULL),('KORNIICHUK Yehor','senior','Z/2001/135','KS AZS AWFiS Gdańsk',NULL,NULL,NULL,5.0,6.800,11.800,4.9,7.600,12.500,NULL,NULL,NULL),('LAKHIN Yaroslav','senior','Z/2003/308','CWZS Zawisza KG Bydgoszcz',NULL,NULL,NULL,3.8,7.300,11.100,3.9,7.900,11.800,NULL,NULL,NULL),('HERASYMOV Mykyta','senior','Z/2003/338','KS AZS AWFiS Gdańsk',NULL,NULL,NULL,0.0,0.000,0.000,0.0,0.000,0.000,NULL,NULL,NULL);
/*!40000 ALTER TABLE `floor_exerise_2022` ENABLE KEYS */;
UNLOCK TABLES;

--
-- Table structure for table `gdansk_2022`
--

DROP TABLE IF EXISTS `gdansk_2022`;
/*!40101 SET @saved_cs_client     = @@character_set_client */;
/*!50503 SET character_set_client = utf8mb4 */;
CREATE TABLE `gdansk_2022` (
  `Rk` int DEFAULT NULL,
  `Name` varchar(45) DEFAULT NULL,
  `Category` text,
  `Birth_year` int DEFAULT NULL,
  `License_number` varchar(20) DEFAULT NULL,
  `Club` varchar(60) DEFAULT NULL,
  `FX_Dscore` decimal(10,1) DEFAULT NULL,
  `FX_Escore` decimal(10,3) DEFAULT NULL,
  `FX_total_score` decimal(10,3) DEFAULT NULL,
  `PH_Dscore` decimal(10,1) DEFAULT NULL,
  `PH_Escore` decimal(10,3) DEFAULT NULL,
  `PH_Total_Score` decimal(10,3) DEFAULT NULL,
  `SR_Dscore` decimal(10,1) DEFAULT NULL,
  `SR_Escore` decimal(10,3) DEFAULT NULL,
  `SR_Total_Score` decimal(10,3) DEFAULT NULL,
  `VT_Dscore` decimal(10,1) DEFAULT NULL,
  `VT_Escore` decimal(10,3) DEFAULT NULL,
  `VT_total_score` decimal(10,3) DEFAULT NULL,
  `PB_Dscore` decimal(10,1) DEFAULT NULL,
  `PB_Escore` decimal(10,3) DEFAULT NULL,
  `PB_total_score` decimal(10,3) DEFAULT NULL,
  `HB_Dscore` decimal(10,1) DEFAULT NULL,
  `HB_Escore` decimal(10,3) DEFAULT NULL,
  `HB_total_score` decimal(10,3) DEFAULT NULL,
  `Total_Score` decimal(10,3) DEFAULT NULL,
  KEY `gdansk_license_number_idx` (`License_number`),
  KEY `gdansk_clubs_idx` (`Club`),
  CONSTRAINT `gdansk_clubs` FOREIGN KEY (`Club`) REFERENCES `all_clubs` (`Club`),
  CONSTRAINT `gdansk_license_number` FOREIGN KEY (`License_number`) REFERENCES `all_gymnasts` (`License_number`)
) ENGINE=InnoDB DEFAULT CHARSET=utf8mb4 COLLATE=utf8mb4_0900_ai_ci;
/*!40101 SET character_set_client = @saved_cs_client */;

--
-- Dumping data for table `gdansk_2022`
--

LOCK TABLES `gdansk_2022` WRITE;
/*!40000 ALTER TABLE `gdansk_2022` DISABLE KEYS */;
INSERT INTO `gdansk_2022` VALUES (1,'LEKHAC Tomasz','junior',2008,'Z/08/00007','CWZS Zawisza KG Bydgoszcz',4.0,7.900,11.900,3.7,8.800,12.500,2.8,8.400,11.200,2.2,8.300,10.500,4.2,7.700,11.900,2.7,9.300,12.000,70.000),(2,'KWIATKOWSKI Michał','junior',2005,'30185','MKS Kusy Szczecin',4.1,7.800,11.900,3.6,8.300,11.900,3.3,7.900,11.200,2.8,8.800,11.600,3.4,7.300,10.700,2.9,6.200,9.100,66.400),(3,'CZARNECKI Aleksander','junior',2005,'30195','MKS Kusy Szczecin',4.4,7.500,11.900,3.6,6.300,9.900,2.3,8.600,10.900,4.0,8.600,12.600,3.4,8.200,11.600,2.7,6.700,9.400,66.300),(4,'KUZDRA Christian','junior',2006,'33663','MKS Gdańsk',3.6,7.400,11.000,3.6,8.300,11.900,3.4,7.700,11.100,2.4,7.200,9.600,3.4,7.300,10.700,2.7,7.500,10.200,64.500),(5,'KOŁODZIEJCZYK Karol','junior',2007,'32980','KS AZS AWF Kraków',3.3,7.200,10.500,2.8,8.500,11.300,2.3,8.000,10.300,2.4,8.400,10.800,2.6,8.900,11.500,2.3,7.500,9.800,64.200),(6,'KOPERSKI Filip','junior',2007,'Z/07/00266','KS AZS AWF Kraków',3.1,7.300,10.400,2.9,8.100,11.000,3.4,6.000,9.400,2.8,8.600,11.400,3.0,9.000,12.000,2.4,7.200,9.600,63.800),(7,'MISHCHENKO Oleksandr','junior',2005,'33333','MKS Kusy Szczecin',4.2,6.300,10.500,2.7,6.000,8.700,2.2,7.700,9.900,4.0,8.900,12.900,3.2,7.400,10.600,3.2,7.500,10.700,63.300),(8,'KORBIEL Franciszek','junior',2006,'33134','KS AZS AWF Kraków',3.3,5.900,9.200,3.9,8.200,12.100,2.3,7.800,10.100,2.4,8.200,10.600,3.2,8.600,11.800,2.8,6.500,9.300,63.100),(9,'JANKOWSKI Dominik','junior',2007,'330115','MKS Gdańsk',3.4,7.500,10.900,2.6,7.200,9.800,2.0,7.900,9.900,2.8,8.400,11.200,2.4,8.800,11.200,1.8,7.900,9.700,62.700),(10,'MOSKAL Błażej','junior',2006,'330111','MKS Gdańsk',3.2,7.900,11.100,2.6,7.000,9.600,2.2,7.600,9.800,1.6,8.500,10.100,2.4,9.000,11.400,1.9,8.200,10.100,62.100),(11,'ŻEMEŁKA Dawid','junior',2006,'Z/06/00087','MKS Gdańsk',2.9,7.800,10.700,2.5,5.500,8.000,1.7,7.700,9.400,1.6,8.800,10.400,2.4,8.000,10.400,1.5,2.500,4.000,52.900),(12,'KLIMCZUK Michał','junior',2006,'330118','MKS Gdańsk',3.4,7.100,10.500,2.6,6.500,9.100,0.0,0.000,0.000,1.6,8.800,10.400,2.4,8.800,11.200,1.8,7.800,9.600,50.800),(13,'KUBALA Kacper','junior',2006,'330113','MKS Gdańsk',3.2,6.900,10.100,2.0,3.500,5.500,0.0,0.000,0.000,2.4,8.200,10.600,2.4,8.500,10.900,0.0,0.000,0.000,37.100),(1,'SASNAL Filip','senior',1997,'32804','KS AZS AWF Kraków',5.6,6.650,12.250,4.4,5.000,9.400,4.2,8.000,12.200,4.8,8.300,13.100,4.2,9.200,13.400,4.2,8.000,12.200,72.550),(2,'GARNCZAREK Kacper','senior',2002,'32211','KS AZS AWF Katowice',5.4,7.400,12.800,4.9,6.000,10.900,2.8,9.200,12.000,4.4,8.300,12.700,5.3,7.000,12.300,4.9,6.900,11.800,72.500),(3,'GAWROŃSKI Sebastian','senior',1996,'32203','KS AZS AWF Katowice',5.8,5.400,11.200,4.1,7.900,12.000,5.3,6.600,11.900,5.2,8.000,13.200,4.9,7.400,12.300,4.8,6.300,11.100,71.700),(4,'WROŃSKI Filip','senior',2001,'32670','NTG Nysa',3.9,7.300,11.200,3.2,7.800,11.000,3.9,8.200,12.100,4.0,8.700,12.700,3.4,9.000,12.400,3.6,8.300,11.900,71.300),(5,'WIERZBA Kacper','senior',2003,'32450','MKS Gdańsk',3.9,7.900,11.800,3.4,6.400,9.800,3.8,7.900,11.700,4.0,9.000,13.000,3.0,8.800,11.800,3.3,8.000,11.300,69.400),(6,'KORNIICHUK Yehor','senior',2001,'Z/2001/135','KS AZS AWFiS Gdańsk',5.1,6.800,11.900,2.7,6.000,8.700,3.4,7.700,11.100,5.2,8.200,13.400,4.3,8.000,12.300,3.7,7.300,11.000,68.400),(7,'LUKIANIENKO Illia','senior',2000,'Z/2000/104','MKS Kusy Szczecin',4.2,6.200,10.400,3.3,7.400,10.700,4.1,7.500,11.600,4.0,8.900,12.900,3.6,7.000,10.600,3.3,7.400,10.700,66.900),(8,'CHRUŚCIEL Szymon','senior',2004,'33132','KS AZS AWF Kraków',4.1,7.300,11.400,3.5,5.500,9.000,3.1,7.300,10.400,3.2,8.300,11.500,4.2,7.700,11.900,2.5,8.700,11.200,65.400),(9,'KUROWSKI Jakub','senior',2004,'30190','MKS Kusy Szczecin',4.0,6.300,10.300,3.2,7.400,10.600,3.7,7.300,11.000,4.0,8.800,12.800,3.2,5.800,9.000,2.6,7.600,10.200,63.900),(10,'LUDYNIA Marceli','senior',2001,'32213','KS AZS AWF Katowice',4.7,6.700,11.400,2.9,7.100,10.000,2.7,7.400,10.100,4.0,8.700,12.700,3.6,7.400,11.000,2.6,5.800,8.400,63.600),(11,'BOBER Michał','senior',2002,'33750','UKS SP7 Łódź',3.8,7.400,11.200,3.1,7.600,10.700,3.4,6.000,9.400,3.2,8.300,11.500,3.1,6.900,10.000,2.6,7.300,9.900,62.700),(12,'BRACKI Borys','senior',2004,'32570','KS AZS AWF Katowice',3.6,7.450,11.050,4.1,6.700,10.800,3.5,8.300,11.800,2.4,8.300,10.700,2.7,6.000,8.700,2.2,1.000,3.200,56.250),(13,'KUZDRA Konrad','senior',2003,'33664','MKS Gdańsk',3.2,7.000,10.200,2.4,5.800,8.200,2.2,7.700,9.900,2.4,8.000,10.400,2.7,7.900,10.600,1.9,4.200,6.100,55.400),(14,'JAKUBOWSKI Jakub','senior',2003,'33661','KS AZS AWFiS Gdańsk',3.9,7.200,11.100,3.8,7.600,11.400,2.7,6.000,8.700,2.8,8.300,11.100,2.4,4.000,6.400,0.0,0.000,0.000,48.700),(15,'PAWŁOWSKI Jakub','senior',2004,'33097','MKS Gdańsk',3.6,5.700,9.300,3.4,8.400,11.800,0.0,0.000,0.000,4.0,8.900,12.900,0.0,0.000,0.000,0.0,0.000,0.000,34.000),(16,'HERASYMOV Mykyta','senior',2003,'Z/2003/338','KS AZS AWFiS Gdańsk',3.5,7.100,10.600,2.6,4.400,7.000,0.0,0.000,0.000,0.0,0.000,0.000,2.5,8.400,10.900,0.0,0.000,0.000,28.500),(17,'LAKHIN Yaroslav','senior',2003,'Z/2003/308','CWZS Zawisza KG Bydgoszcz',0.0,0.000,0.000,4.2,8.300,12.500,0.0,0.000,0.000,0.0,0.000,0.000,3.1,9.000,12.100,0.0,0.000,0.000,24.600),(18,'IAREMCHUK Vladyslav','senior',2002,'Z/02/00023','KS AZS AWF Katowice',0.0,0.000,0.000,4.5,6.300,10.800,0.0,0.000,0.000,0.0,0.000,0.000,3.5,3.000,6.500,0.0,0.000,0.000,17.300),(19,'FRONT Filip','senior',2002,'30170','KS AZS AWFiS Gdańsk',0.0,0.000,0.000,0.0,0.000,0.000,4.3,7.200,11.500,0.0,0.000,0.000,0.0,0.000,0.000,0.0,0.000,0.000,11.500),(20,'BIAŁOWĄS Oliwier','senior',2004,'33662','CWZS Zawisza KG Bydgoszcz',4.4,4.500,8.900,0.0,0.000,0.000,0.0,0.000,0.000,0.0,0.000,0.000,0.0,0.000,0.000,0.0,0.000,0.000,8.900);
/*!40000 ALTER TABLE `gdansk_2022` ENABLE KEYS */;
UNLOCK TABLES;

--
-- Table structure for table `horizontal_bar_2022`
--

DROP TABLE IF EXISTS `horizontal_bar_2022`;
/*!40101 SET @saved_cs_client     = @@character_set_client */;
/*!50503 SET character_set_client = utf8mb4 */;
CREATE TABLE `horizontal_bar_2022` (
  `Name` varchar(45) DEFAULT NULL,
  `Category` varchar(45) DEFAULT NULL,
  `License_number` varchar(20) NOT NULL,
  `Club` varchar(60) DEFAULT NULL,
  `bydgoszcz_HB_Dscore` decimal(10,1) DEFAULT NULL,
  `bydgoszcz_HB_Escore` decimal(10,3) DEFAULT NULL,
  `bydgoszcz_HB_Total_Score` decimal(10,3) DEFAULT NULL,
  `zabrze_HB_Dscore` decimal(10,1) DEFAULT NULL,
  `zabrze_HB_Escore` decimal(10,3) DEFAULT NULL,
  `zabrze_HB_Total_Score` decimal(10,3) DEFAULT NULL,
  `cracow_HB_Dscore` decimal(10,1) DEFAULT NULL,
  `cracow_HB_Escore` decimal(10,3) DEFAULT NULL,
  `cracow_HB_Total_Score` decimal(10,3) DEFAULT NULL,
  `gdansk_HB_Dscore` decimal(10,1) DEFAULT NULL,
  `gdansk_HB_Escore` decimal(10,3) DEFAULT NULL,
  `gdansk_HB_Total_Score` decimal(10,3) DEFAULT NULL
) ENGINE=InnoDB DEFAULT CHARSET=utf8mb4 COLLATE=utf8mb4_0900_ai_ci;
/*!40101 SET character_set_client = @saved_cs_client */;

--
-- Dumping data for table `horizontal_bar_2022`
--

LOCK TABLES `horizontal_bar_2022` WRITE;
/*!40000 ALTER TABLE `horizontal_bar_2022` DISABLE KEYS */;
INSERT INTO `horizontal_bar_2022` VALUES ('KOLORZ Maks','junior','111111','KG Radlin',1.5,5.000,6.500,NULL,NULL,NULL,NULL,NULL,NULL,NULL,NULL,NULL),('RUS Gracjan','junior','111112','KG Radlin',0.1,1.000,1.100,NULL,NULL,NULL,NULL,NULL,NULL,NULL,NULL,NULL),('MYSZI Dominik','junior','111113','KG Radlin',1.0,3.100,4.100,NULL,NULL,NULL,NULL,NULL,NULL,NULL,NULL,NULL),('SZCZUBIAŁ Bartłomiej','junior','222222','KS AZS AWF Kraków',2.4,9.100,11.500,NULL,NULL,NULL,NULL,NULL,NULL,NULL,NULL,NULL),('FRONT Filip','senior','30170','KS AZS AWFiS Gdańsk',NULL,NULL,NULL,0.0,0.000,0.000,0.0,0.000,0.000,0.0,0.000,0.000),('KWIATKOWSKI Michał','junior','30185','MKS Kusy Szczecin',3.1,7.700,10.800,3.2,7.800,11.000,3.1,4.700,7.800,2.9,6.200,9.100),('KUŹMIŃSKI Bartosz','senior','30186','MKS Kusy Szczecin',0.0,0.000,0.000,0.0,0.000,0.000,0.0,0.000,0.000,NULL,NULL,NULL),('SIEDZIAKO Igor','senior','30189','MKS Kusy Szczecin',2.7,6.800,9.500,2.0,5.200,7.200,2.1,8.500,10.600,NULL,NULL,NULL),('KUROWSKI Jakub','senior','30190','MKS Kusy Szczecin',2.1,8.400,10.500,2.2,7.850,10.050,2.6,8.900,11.500,2.6,7.600,10.200),('PIETRUSZKIEWICZ Jakub','senior','30192','MKS Kusy Szczecin',NULL,NULL,NULL,0.0,0.000,0.000,0.0,0.000,0.000,NULL,NULL,NULL),('CZARNECKI Aleksander','junior','30195','MKS Kusy Szczecin',2.4,7.900,10.300,3.0,7.900,10.900,0.0,0.000,0.000,2.7,6.700,9.400),('GAWROŃSKI Sebastian','senior','32203','KS AZS AWF Katowice',NULL,NULL,NULL,NULL,NULL,NULL,4.6,6.650,11.250,4.8,6.300,11.100),('GARNCZAREK Kacper','senior','32211','KS AZS AWF Katowice',NULL,NULL,NULL,4.6,7.400,12.000,4.6,8.150,12.750,4.9,6.900,11.800),('LUDYNIA Marceli','senior','32213','KS AZS AWF Katowice',3.1,7.300,10.400,2.7,7.550,10.250,2.7,8.200,10.900,2.6,5.800,8.400),('MARCZEWSKI Stanisław','junior','32361','MKS Gdańsk',1.9,8.100,10.000,0.0,0.000,0.000,NULL,NULL,NULL,NULL,NULL,NULL),('WIERZBA Kacper','senior','32450','MKS Gdańsk',NULL,NULL,NULL,3.3,7.800,11.100,4.0,8.250,12.250,3.3,8.000,11.300),('ŁUCKI Miłosz','junior','32453','KG Radlin',NULL,NULL,NULL,NULL,NULL,NULL,2.0,6.600,8.600,NULL,NULL,NULL),('NOWAK Maciej','senior','32524','KS AZS AWF Katowice',3.6,8.000,11.600,NULL,NULL,NULL,NULL,NULL,NULL,NULL,NULL,NULL),('BRACKI Borys','senior','32570','KS AZS AWF Katowice',3.0,7.600,10.600,2.5,7.900,10.400,2.5,7.200,9.700,2.2,1.000,3.200),('SADZA Jakub','junior','326132','NTG Nysa',NULL,NULL,NULL,NULL,NULL,NULL,0.0,0.000,0.000,NULL,NULL,NULL),('WROŃSKI Filip','senior','32670','NTG Nysa',NULL,NULL,NULL,3.6,7.100,10.700,NULL,NULL,NULL,3.6,8.300,11.900),('SASNAL Filip','senior','32804','KS AZS AWF Kraków',4.4,8.000,12.400,4.4,6.800,11.200,4.4,8.400,12.800,4.2,8.000,12.200),('KOŁODZIEJCZYK Karol','junior','32980','KS AZS AWF Kraków',2.4,7.800,10.200,2.4,7.900,10.300,2.7,8.150,10.850,2.3,7.500,9.800),('KLIMCZUK Paweł','senior','330103','MKS Gdańsk',NULL,NULL,NULL,0.0,0.000,0.000,0.0,0.000,0.000,NULL,NULL,NULL),('MOSKAL Błażej','junior','330111','MKS Gdańsk',1.9,8.000,9.900,1.9,8.200,10.100,1.9,8.600,10.500,1.9,8.200,10.100),('KUBALA Kacper','junior','330113','MKS Gdańsk',0.0,0.000,0.000,0.0,0.000,0.000,0.0,0.000,0.000,0.0,0.000,0.000),('JANKOWSKI Dominik','junior','330115','MKS Gdańsk',0.0,0.000,0.000,1.8,8.400,10.200,1.8,8.400,10.200,1.8,7.900,9.700),('KLIMCZUK Michał','junior','330118','MKS Gdańsk',1.8,8.000,9.800,NULL,NULL,NULL,1.8,8.800,10.600,1.8,7.800,9.600),('KAŚKÓW Paweł','senior','33059','KS AZS AWFiS Gdańsk',4.1,8.400,12.500,NULL,NULL,NULL,4.0,8.050,12.050,NULL,NULL,NULL),('PAWŁOWSKI Jakub','senior','33097','MKS Gdańsk',NULL,NULL,NULL,0.0,0.000,0.000,0.0,0.000,0.000,0.0,0.000,0.000),('CHRUŚCIEL Szymon','senior','33132','KS AZS AWF Kraków',3.2,7.200,10.400,2.8,8.000,10.800,2.9,7.250,10.150,2.5,8.700,11.200),('KORBIEL Franciszek','junior','33134','KS AZS AWF Kraków',3.0,7.800,10.800,3.0,7.200,10.200,3.1,7.650,10.750,2.8,6.500,9.300),('MISHCHENKO Oleksandr','junior','33333','MKS Kusy Szczecin',3.4,7.800,11.200,NULL,NULL,NULL,NULL,NULL,NULL,3.2,7.500,10.700),('JAKUBOWSKI Jakub','senior','33661','KS AZS AWFiS Gdańsk',0.0,0.000,0.000,0.0,0.000,0.000,0.0,0.000,0.000,0.0,0.000,0.000),('BIAŁOWĄS Oliwier','senior','33662','CWZS Zawisza KG Bydgoszcz',NULL,NULL,NULL,0.0,0.000,0.000,NULL,NULL,NULL,0.0,0.000,0.000),('KUZDRA Christian','junior','33663','MKS Gdańsk',3.4,7.400,10.800,3.4,7.500,10.900,3.4,8.600,12.000,2.7,7.500,10.200),('KUZDRA Konrad','senior','33664','MKS Gdańsk',NULL,NULL,NULL,2.1,6.900,9.000,0.0,0.000,0.000,1.9,4.200,6.100),('BOBER Michał','senior','33750','UKS SP7 Łódź',3.0,7.200,10.200,2.6,7.500,10.100,3.0,8.100,11.100,2.6,7.300,9.900),('SZYMCZYK Radosław','senior','33928','KS AZS AWF Kraków',0.0,0.000,0.000,0.0,0.000,0.000,0.0,0.000,0.000,NULL,NULL,NULL),('IAREMCHUK Vladyslav','senior','Z/02/00023','KS AZS AWF Katowice',NULL,NULL,NULL,0.0,0.000,0.000,0.0,0.000,0.000,NULL,NULL,NULL),('ŻEMEŁKA Dawid','junior','Z/06/00087','MKS Gdańsk',NULL,NULL,NULL,1.8,7.700,9.500,1.9,7.750,9.650,1.5,2.500,4.000),('ĆWIEK Tymoteusz','junior','Z/06/00130','KS AZS AWF Kraków',0.0,0.000,0.000,NULL,NULL,NULL,0.0,0.000,0.000,NULL,NULL,NULL),('KOPERSKI Filip','junior','Z/07/00266','KS AZS AWF Kraków',NULL,NULL,NULL,2.7,8.000,10.700,2.6,7.650,10.250,2.4,7.200,9.600),('AZUMI Vincent','junior','Z/07/00342','MKS Gdańsk',NULL,NULL,NULL,2.7,8.000,10.700,2.7,9.100,11.800,NULL,NULL,NULL),('LEKHAC Tomasz','junior','Z/08/00007','CWZS Zawisza KG Bydgoszcz',2.6,9.000,11.600,2.7,9.100,11.800,2.7,9.450,12.150,2.7,9.300,12.000),('RZEŹNICKI Gracjan','junior','Z/08/00032','KS Iskra Zabrze',NULL,NULL,NULL,0.0,0.000,0.000,NULL,NULL,NULL,NULL,NULL,NULL),('LESIŃSKI Piotr','senior','Z/1999/55','KS AZS AWFiS Gdańsk',NULL,NULL,NULL,NULL,NULL,NULL,0.0,0.000,0.000,NULL,NULL,NULL),('LUKIANIENKO Illia','senior','Z/2000/104','MKS Kusy Szczecin',NULL,NULL,NULL,NULL,NULL,NULL,3.7,8.150,11.850,NULL,NULL,NULL),('SIUTA Jakub','senior','Z/2000/105','KS AZS AWF Katowice',NULL,NULL,NULL,0.0,0.000,0.000,0.0,0.000,0.000,NULL,NULL,NULL),('KORNIICHUK Yehor','senior','Z/2001/135','KS AZS AWFiS Gdańsk',NULL,NULL,NULL,3.7,7.950,11.650,3.7,7.400,11.100,NULL,NULL,NULL),('LAKHIN Yaroslav','senior','Z/2003/308','CWZS Zawisza KG Bydgoszcz',NULL,NULL,NULL,2.2,8.100,10.300,2.5,8.150,10.650,NULL,NULL,NULL),('HERASYMOV Mykyta','senior','Z/2003/338','KS AZS AWFiS Gdańsk',NULL,NULL,NULL,0.0,0.000,0.000,2.6,6.950,9.550,NULL,NULL,NULL);
/*!40000 ALTER TABLE `horizontal_bar_2022` ENABLE KEYS */;
UNLOCK TABLES;

--
-- Table structure for table `krakow_2022`
--

DROP TABLE IF EXISTS `krakow_2022`;
/*!40101 SET @saved_cs_client     = @@character_set_client */;
/*!50503 SET character_set_client = utf8mb4 */;
CREATE TABLE `krakow_2022` (
  `Rk` int DEFAULT NULL,
  `Name` varchar(45) DEFAULT NULL,
  `Category` text,
  `Birth_year` int DEFAULT NULL,
  `License_number` varchar(20) DEFAULT NULL,
  `Club` varchar(60) DEFAULT NULL,
  `FX_Dscore` decimal(10,1) DEFAULT NULL,
  `FX_Escore` decimal(10,3) DEFAULT NULL,
  `FX_total_score` decimal(10,3) DEFAULT NULL,
  `PH_Dscore` decimal(10,1) DEFAULT NULL,
  `PH_Escore` decimal(10,3) DEFAULT NULL,
  `PH_Total_Score` decimal(10,3) DEFAULT NULL,
  `SR_Dscore` decimal(10,1) DEFAULT NULL,
  `SR_Escore` decimal(10,3) DEFAULT NULL,
  `SR_Total_Score` decimal(10,3) DEFAULT NULL,
  `VT_Dscore` decimal(10,1) DEFAULT NULL,
  `VT_Escore` decimal(10,3) DEFAULT NULL,
  `VT_total_score` decimal(10,3) DEFAULT NULL,
  `PB_Dscore` decimal(10,1) DEFAULT NULL,
  `PB_Escore` decimal(10,3) DEFAULT NULL,
  `PB_total_score` decimal(10,3) DEFAULT NULL,
  `HB_Dscore` decimal(10,1) DEFAULT NULL,
  `HB_Escore` decimal(10,3) DEFAULT NULL,
  `HB_total_score` decimal(10,3) DEFAULT NULL,
  `Total_Score` decimal(10,3) DEFAULT NULL,
  KEY `krakow_license_idx` (`License_number`),
  KEY `krakow_clubs_idx` (`Club`),
  CONSTRAINT `krakow_clubs` FOREIGN KEY (`Club`) REFERENCES `all_clubs` (`Club`),
  CONSTRAINT `krakow_license` FOREIGN KEY (`License_number`) REFERENCES `all_gymnasts` (`License_number`)
) ENGINE=InnoDB DEFAULT CHARSET=utf8mb4 COLLATE=utf8mb4_0900_ai_ci;
/*!40101 SET character_set_client = @saved_cs_client */;

--
-- Dumping data for table `krakow_2022`
--

LOCK TABLES `krakow_2022` WRITE;
/*!40000 ALTER TABLE `krakow_2022` DISABLE KEYS */;
INSERT INTO `krakow_2022` VALUES (1,'LEKHAC Tomasz','junior',2008,'Z/08/00007','CWZS Zawisza KG Bydgoszcz',4.0,8.450,12.450,3.8,8.550,12.350,2.8,8.400,11.200,2.2,9.050,11.250,4.2,8.600,12.800,2.7,9.450,12.150,72.200),(2,'KUZDRA Christian','junior',2006,'33663','MKS Gdańsk',3.6,8.250,11.850,3.6,8.400,12.000,3.7,7.450,11.150,3.2,8.700,11.900,3.7,8.000,11.700,3.4,8.600,12.000,70.600),(3,'KOPERSKI Filip','junior',2007,'Z/07/00266','KS AZS AWF Kraków',3.4,7.950,11.350,2.9,8.150,11.050,3.4,7.900,11.300,4.0,8.800,12.800,3.0,8.100,11.100,2.6,7.650,10.250,67.850),(4,'KWIATKOWSKI Michał','junior',2005,'30185','MKS Kusy Szczecin',4.2,8.300,12.500,3.4,7.950,11.350,3.3,6.950,10.250,3.2,9.200,12.400,3.2,8.800,12.000,3.1,4.700,7.800,66.300),(5,'KOŁODZIEJCZYK Karol','junior',2007,'32980','KS AZS AWF Kraków',3.4,8.050,11.450,3.0,5.750,8.750,2.3,7.900,10.200,2.8,8.750,11.550,3.0,8.900,11.900,2.7,8.150,10.850,64.700),(6,'JANKOWSKI Dominik','junior',2007,'330115','MKS Gdańsk',3.8,7.100,10.900,2.6,7.650,10.250,2.4,8.050,10.450,2.8,9.200,12.000,3.1,7.100,10.200,1.8,8.400,10.200,64.000),(7,'KORBIEL Franciszek','junior',2006,'33134','KS AZS AWF Kraków',3.3,7.250,10.550,3.6,7.450,11.050,2.3,6.850,9.150,2.4,8.300,10.700,3.1,8.400,11.500,3.1,7.650,10.750,63.700),(8,'MOSKAL Błażej','junior',2006,'330111','MKS Gdańsk',3.5,7.650,11.150,2.2,4.950,7.150,2.5,6.650,9.150,2.4,8.850,11.250,3.1,7.450,10.550,1.9,8.600,10.500,59.750),(9,'ŻEMEŁKA Dawid','junior',2006,'Z/06/00087','MKS Gdańsk',3.1,7.700,10.800,2.2,2.750,4.950,2.1,6.650,8.750,1.6,9.000,10.600,3.1,8.600,11.700,1.9,7.750,9.650,56.450),(10,'KLIMCZUK Michał','junior',2006,'330118','MKS Gdańsk',0.0,0.000,0.000,2.6,7.650,10.250,1.7,7.850,9.550,1.6,8.800,10.400,2.4,8.000,10.400,1.8,8.800,10.600,51.200),(11,'ĆWIEK Tymoteusz','junior',2006,'Z/06/00130','KS AZS AWF Kraków',2.6,7.800,10.400,2.4,5.700,8.100,1.8,6.800,8.600,2.4,7.800,10.200,2.3,7.450,9.750,0.0,0.000,0.000,47.050),(12,'ŁUCKI Miłosz','junior',2006,'32453','KG Radlin',3.1,7.550,10.650,0.0,0.000,0.000,2.0,7.350,9.350,2.2,8.800,11.000,0.0,0.000,0.000,2.0,6.600,8.600,39.600),(13,'AZUMI Vincent','junior',2007,'Z/07/00342','MKS Gdańsk',3.9,7.350,11.250,0.0,0.000,0.000,3.7,7.800,11.500,0.0,0.000,0.000,0.0,0.000,0.000,2.7,9.100,11.800,34.550),(14,'KUBALA Kacper','junior',2006,'330113','MKS Gdańsk',0.0,0.000,0.000,2.2,6.200,8.400,0.0,0.000,0.000,1.6,9.450,11.050,2.4,9.100,11.500,0.0,0.000,0.000,30.950),(15,'SADZA Jakub','junior',2006,'326132','NTG Nysa',3.5,7.850,11.350,0.0,0.000,0.000,0.0,0.000,0.000,3.2,8.200,11.400,0.0,0.000,0.000,0.0,0.000,0.000,22.750),(16,'CZARNECKI Aleksander','junior',2005,'30195','MKS Kusy Szczecin',0.0,0.000,0.000,0.0,0.000,0.000,0.0,0.000,0.000,0.0,0.000,0.000,0.0,0.000,0.000,0.0,0.000,0.000,0.000),(1,'SASNAL Filip','senior',1997,'32804','KS AZS AWF Kraków',5.6,7.650,13.250,4.4,7.000,11.400,4.3,7.850,12.150,5.2,8.050,13.250,4.2,8.800,13.000,4.4,8.400,12.800,75.850),(2,'GARNCZAREK Kacper','senior',2002,'32211','KS AZS AWF Katowice',5.3,7.250,12.550,5.2,7.700,12.900,4.1,8.100,12.200,4.4,9.150,13.550,5.3,6.600,11.900,4.6,8.150,12.750,75.850),(3,'KUROWSKI Jakub','senior',2004,'30190','MKS Kusy Szczecin',4.5,8.000,12.500,3.8,8.000,11.800,3.8,8.550,12.350,4.0,9.350,13.350,3.4,8.750,12.150,2.6,8.900,11.500,73.650),(4,'LUKIANIENKO Illia','senior',2000,'Z/2000/104','MKS Kusy Szczecin',4.8,7.700,12.500,4.6,7.700,12.300,4.0,7.650,11.650,4.0,9.300,13.300,4.3,7.100,11.400,3.7,8.150,11.850,73.000),(5,'GAWROŃSKI Sebastian','senior',1996,'32203','KS AZS AWF Katowice',5.4,8.250,13.650,4.2,6.500,10.700,5.0,8.100,13.100,5.2,8.100,13.300,4.5,6.450,10.950,4.6,6.650,11.250,72.950),(6,'KAŚKÓW Paweł','senior',2000,'33059','KS AZS AWFiS Gdańsk',3.7,7.100,10.800,4.4,7.200,11.600,3.8,8.350,12.150,4.0,9.150,13.150,4.0,8.300,12.300,4.0,8.050,12.050,72.050),(7,'LAKHIN Yaroslav','senior',2003,'Z/2003/308','CWZS Zawisza KG Bydgoszcz',3.9,7.900,11.800,4.2,8.500,12.700,3.4,7.700,11.100,3.2,9.050,12.250,3.5,9.100,12.600,2.5,8.150,10.650,71.100),(8,'BRACKI Borys','senior',2004,'32570','KS AZS AWF Katowice',3.6,8.400,12.000,3.6,8.000,11.600,3.9,8.200,12.100,4.0,8.650,12.650,4.0,8.850,12.850,2.5,7.200,9.700,70.900),(9,'BOBER Michał','senior',2002,'33750','UKS SP7 Łódź',3.9,8.000,11.900,3.7,7.000,10.700,3.8,8.050,11.850,3.2,9.050,12.250,3.8,8.500,12.300,3.0,8.100,11.100,70.100),(10,'LUDYNIA Marceli','senior',2001,'32213','KS AZS AWF Katowice',4.5,8.150,12.650,3.1,3.050,6.150,2.8,7.100,9.900,4.0,9.350,13.350,3.7,6.850,10.550,2.7,8.200,10.900,63.500),(11,'CHRUŚCIEL Szymon','senior',2004,'33132','KS AZS AWF Kraków',4.1,8.400,12.500,3.2,4.600,7.800,2.9,6.150,9.050,3.2,9.300,12.500,3.6,7.900,11.500,2.9,7.250,10.150,63.500),(12,'KORNIICHUK Yehor','senior',2001,'Z/2001/135','KS AZS AWFiS Gdańsk',4.9,7.600,12.500,3.6,6.700,10.300,4.1,7.800,11.900,5.2,7.650,12.850,0.0,0.000,0.000,3.7,7.400,11.100,58.650),(13,'WIERZBA Kacper','senior',2003,'32450','MKS Gdańsk',4.1,6.700,10.800,0.0,0.000,0.000,3.8,7.700,11.500,4.0,9.100,13.100,2.5,7.150,9.650,4.0,8.250,12.250,57.300),(14,'PAWŁOWSKI Jakub','senior',2004,'33097','MKS Gdańsk',4.0,7.900,11.900,2.9,5.000,7.900,3.0,6.350,9.350,4.0,9.250,13.250,2.9,8.500,11.400,0.0,0.000,0.000,53.800),(15,'SZYMCZYK Radosław','senior',2004,'33928','KS AZS AWF Kraków',4.1,7.950,12.050,3.7,8.850,12.550,0.0,0.000,0.000,4.4,9.350,13.750,0.0,0.000,0.000,0.0,0.000,0.000,38.350),(16,'HERASYMOV Mykyta','senior',2003,'Z/2003/338','KS AZS AWFiS Gdańsk',0.0,0.000,0.000,3.3,4.150,7.450,2.5,6.550,9.050,0.0,0.000,0.000,2.5,8.700,11.200,2.6,6.950,9.550,37.250),(17,'IAREMCHUK Vladyslav','senior',2002,'Z/02/00023','KS AZS AWF Katowice',0.0,0.000,0.000,4.7,6.800,11.500,4.2,8.500,12.700,0.0,0.000,0.000,3.8,7.200,11.000,0.0,0.000,0.000,35.200),(18,'FRONT Filip','senior',2002,'30170','KS AZS AWFiS Gdańsk',0.0,0.000,0.000,0.0,0.000,0.000,4.0,7.650,11.650,2.8,9.100,11.900,3.2,8.350,11.550,0.0,0.000,0.000,35.100),(19,'LESIŃSKI Piotr','senior',1999,'Z/1999/55','KS AZS AWFiS Gdańsk',4.4,7.050,11.450,0.0,0.000,0.000,0.0,0.000,0.000,2.8,8.550,11.350,2.7,8.550,11.250,0.0,0.000,0.000,34.050),(20,'JAKUBOWSKI Jakub','senior',2003,'33661','KS AZS AWFiS Gdańsk',4.2,7.550,11.750,4.2,8.000,12.200,0.0,0.000,0.000,0.0,0.000,0.000,2.9,7.200,10.100,0.0,0.000,0.000,34.050),(21,'SIEDZIAKO Igor','senior',2004,'30189','MKS Kusy Szczecin',4.4,7.550,11.950,0.0,0.000,0.000,0.0,0.000,0.000,0.0,0.000,0.000,0.0,0.000,0.000,2.1,8.500,10.600,22.550),(22,'KUŹMIŃSKI Bartosz','senior',2004,'30186','MKS Kusy Szczecin',3.8,7.450,11.250,0.0,0.000,0.000,0.0,0.000,0.000,3.2,7.400,10.600,0.0,0.000,0.000,0.0,0.000,0.000,21.850),(23,'SIUTA Jakub','senior',2000,'Z/2000/105','KS AZS AWF Katowice',3.5,7.450,10.950,0.0,0.000,0.000,2.9,5.750,8.650,0.0,0.000,0.000,0.0,0.000,0.000,0.0,0.000,0.000,19.600),(24,'KLIMCZUK Paweł','senior',2004,'330103','MKS Gdańsk',0.0,0.000,0.000,3.5,5.600,9.100,0.0,0.000,0.000,0.0,0.000,0.000,0.0,0.000,0.000,0.0,0.000,0.000,9.100),(25,'KUZDRA Konrad','senior',2003,'33664','MKS Gdańsk',0.0,0.000,0.000,0.0,0.000,0.000,0.0,0.000,0.000,0.0,0.000,0.000,0.0,0.000,0.000,0.0,0.000,0.000,0.000),(26,'PIETRUSZKIEWICZ Jakub','senior',2003,'30192','MKS Kusy Szczecin',0.0,0.000,0.000,0.0,0.000,0.000,0.0,0.000,0.000,0.0,0.000,0.000,0.0,0.000,0.000,0.0,0.000,0.000,0.000);
/*!40000 ALTER TABLE `krakow_2022` ENABLE KEYS */;
UNLOCK TABLES;

--
-- Table structure for table `pararell_bars_2022`
--

DROP TABLE IF EXISTS `pararell_bars_2022`;
/*!40101 SET @saved_cs_client     = @@character_set_client */;
/*!50503 SET character_set_client = utf8mb4 */;
CREATE TABLE `pararell_bars_2022` (
  `Name` varchar(45) DEFAULT NULL,
  `Category` varchar(45) DEFAULT NULL,
  `License_number` varchar(20) NOT NULL,
  `Club` varchar(60) DEFAULT NULL,
  `bydgoszcz_PB_Dscore` decimal(10,1) DEFAULT NULL,
  `bydgoszcz_PB_Escore` decimal(10,3) DEFAULT NULL,
  `bydgoszcz_PB_Total_Score` decimal(10,3) DEFAULT NULL,
  `zabrze_PB_Dscore` decimal(10,1) DEFAULT NULL,
  `zabrze_PB_Escore` decimal(10,3) DEFAULT NULL,
  `zabrze_PB_Total_Score` decimal(10,3) DEFAULT NULL,
  `cracow_PB_Dscore` decimal(10,1) DEFAULT NULL,
  `cracow_PB_Escore` decimal(10,3) DEFAULT NULL,
  `cracow_PB_Total_Score` decimal(10,3) DEFAULT NULL,
  `gdansk_PB_Dscore` decimal(10,1) DEFAULT NULL,
  `gdansk_PB_Escore` decimal(10,3) DEFAULT NULL,
  `gdansk_PB_Total_Score` decimal(10,3) DEFAULT NULL
) ENGINE=InnoDB DEFAULT CHARSET=utf8mb4 COLLATE=utf8mb4_0900_ai_ci;
/*!40101 SET character_set_client = @saved_cs_client */;

--
-- Dumping data for table `pararell_bars_2022`
--

LOCK TABLES `pararell_bars_2022` WRITE;
/*!40000 ALTER TABLE `pararell_bars_2022` DISABLE KEYS */;
INSERT INTO `pararell_bars_2022` VALUES ('KOLORZ Maks','junior','111111','KG Radlin',1.4,1.700,3.100,NULL,NULL,NULL,NULL,NULL,NULL,NULL,NULL,NULL),('RUS Gracjan','junior','111112','KG Radlin',1.9,2.850,4.750,NULL,NULL,NULL,NULL,NULL,NULL,NULL,NULL,NULL),('MYSZI Dominik','junior','111113','KG Radlin',2.0,3.450,5.450,NULL,NULL,NULL,NULL,NULL,NULL,NULL,NULL,NULL),('SZCZUBIAŁ Bartłomiej','junior','222222','KS AZS AWF Kraków',3.0,8.050,11.050,NULL,NULL,NULL,NULL,NULL,NULL,NULL,NULL,NULL),('FRONT Filip','senior','30170','KS AZS AWFiS Gdańsk',NULL,NULL,NULL,3.1,8.850,11.950,3.2,8.350,11.550,0.0,0.000,0.000),('KWIATKOWSKI Michał','junior','30185','MKS Kusy Szczecin',3.5,7.950,11.450,3.4,7.950,11.350,3.2,8.800,12.000,3.4,7.300,10.700),('KUŹMIŃSKI Bartosz','senior','30186','MKS Kusy Szczecin',2.5,7.450,9.950,0.0,0.000,0.000,0.0,0.000,0.000,NULL,NULL,NULL),('SIEDZIAKO Igor','senior','30189','MKS Kusy Szczecin',2.9,7.750,10.650,2.4,8.050,10.450,0.0,0.000,0.000,NULL,NULL,NULL),('KUROWSKI Jakub','senior','30190','MKS Kusy Szczecin',2.7,6.850,9.550,3.5,8.700,12.200,3.4,8.750,12.150,3.2,5.800,9.000),('PIETRUSZKIEWICZ Jakub','senior','30192','MKS Kusy Szczecin',NULL,NULL,NULL,0.0,0.000,0.000,0.0,0.000,0.000,NULL,NULL,NULL),('CZARNECKI Aleksander','junior','30195','MKS Kusy Szczecin',3.2,8.450,11.650,3.4,8.350,11.750,0.0,0.000,0.000,3.4,8.200,11.600),('GAWROŃSKI Sebastian','senior','32203','KS AZS AWF Katowice',NULL,NULL,NULL,NULL,NULL,NULL,4.5,6.450,10.950,4.9,7.400,12.300),('GARNCZAREK Kacper','senior','32211','KS AZS AWF Katowice',NULL,NULL,NULL,5.0,7.450,12.450,5.3,6.600,11.900,5.3,7.000,12.300),('LUDYNIA Marceli','senior','32213','KS AZS AWF Katowice',3.5,8.000,11.500,4.1,7.900,12.000,3.7,6.850,10.550,3.6,7.400,11.000),('MARCZEWSKI Stanisław','junior','32361','MKS Gdańsk',2.5,5.700,8.200,0.0,0.000,0.000,NULL,NULL,NULL,NULL,NULL,NULL),('WIERZBA Kacper','senior','32450','MKS Gdańsk',NULL,NULL,NULL,3.0,8.750,11.750,2.5,7.150,9.650,3.0,8.800,11.800),('ŁUCKI Miłosz','junior','32453','KG Radlin',NULL,NULL,NULL,NULL,NULL,NULL,0.0,0.000,0.000,NULL,NULL,NULL),('NOWAK Maciej','senior','32524','KS AZS AWF Katowice',3.4,7.900,11.300,NULL,NULL,NULL,NULL,NULL,NULL,NULL,NULL,NULL),('BRACKI Borys','senior','32570','KS AZS AWF Katowice',3.7,8.450,12.150,3.6,8.650,12.250,4.0,8.850,12.850,2.7,6.000,8.700),('SADZA Jakub','junior','326132','NTG Nysa',NULL,NULL,NULL,NULL,NULL,NULL,0.0,0.000,0.000,NULL,NULL,NULL),('WROŃSKI Filip','senior','32670','NTG Nysa',NULL,NULL,NULL,3.0,9.350,12.350,NULL,NULL,NULL,3.4,9.000,12.400),('SASNAL Filip','senior','32804','KS AZS AWF Kraków',4.2,8.600,12.800,4.2,8.200,12.400,4.2,8.800,13.000,4.2,9.200,13.400),('KOŁODZIEJCZYK Karol','junior','32980','KS AZS AWF Kraków',3.1,8.700,11.800,3.0,9.000,12.000,3.0,8.900,11.900,2.6,8.900,11.500),('KLIMCZUK Paweł','senior','330103','MKS Gdańsk',NULL,NULL,NULL,0.0,0.000,0.000,0.0,0.000,0.000,NULL,NULL,NULL),('MOSKAL Błażej','junior','330111','MKS Gdańsk',3.1,8.050,11.150,3.1,7.800,10.900,3.1,7.450,10.550,2.4,9.000,11.400),('KUBALA Kacper','junior','330113','MKS Gdańsk',3.1,8.750,11.850,3.1,8.000,11.100,2.4,9.100,11.500,2.4,8.500,10.900),('JANKOWSKI Dominik','junior','330115','MKS Gdańsk',0.0,0.000,0.000,3.1,8.550,11.650,3.1,7.100,10.200,2.4,8.800,11.200),('KLIMCZUK Michał','junior','330118','MKS Gdańsk',2.4,8.100,10.500,NULL,NULL,NULL,2.4,8.000,10.400,2.4,8.800,11.200),('KAŚKÓW Paweł','senior','33059','KS AZS AWFiS Gdańsk',3.8,7.550,11.350,NULL,NULL,NULL,4.0,8.300,12.300,NULL,NULL,NULL),('PAWŁOWSKI Jakub','senior','33097','MKS Gdańsk',NULL,NULL,NULL,0.0,0.000,0.000,2.9,8.500,11.400,0.0,0.000,0.000),('CHRUŚCIEL Szymon','senior','33132','KS AZS AWF Kraków',3.7,7.850,11.550,4.2,7.500,11.700,3.6,7.900,11.500,4.2,7.700,11.900),('KORBIEL Franciszek','junior','33134','KS AZS AWF Kraków',3.1,8.500,11.600,3.1,8.000,11.100,3.1,8.400,11.500,3.2,8.600,11.800),('MISHCHENKO Oleksandr','junior','33333','MKS Kusy Szczecin',3.1,8.650,11.750,NULL,NULL,NULL,NULL,NULL,NULL,3.2,7.400,10.600),('JAKUBOWSKI Jakub','senior','33661','KS AZS AWFiS Gdańsk',2.6,5.650,8.250,2.8,7.500,10.300,2.9,7.200,10.100,2.4,4.000,6.400),('BIAŁOWĄS Oliwier','senior','33662','CWZS Zawisza KG Bydgoszcz',NULL,NULL,NULL,0.0,0.000,0.000,NULL,NULL,NULL,0.0,0.000,0.000),('KUZDRA Christian','junior','33663','MKS Gdańsk',3.2,8.600,11.800,3.7,7.450,11.150,3.7,8.000,11.700,3.4,7.300,10.700),('KUZDRA Konrad','senior','33664','MKS Gdańsk',NULL,NULL,NULL,2.8,7.400,10.200,0.0,0.000,0.000,2.7,7.900,10.600),('BOBER Michał','senior','33750','UKS SP7 Łódź',4.0,8.150,12.150,3.8,8.750,12.550,3.8,8.500,12.300,3.1,6.900,10.000),('SZYMCZYK Radosław','senior','33928','KS AZS AWF Kraków',0.0,0.000,0.000,0.0,0.000,0.000,0.0,0.000,0.000,NULL,NULL,NULL),('IAREMCHUK Vladyslav','senior','Z/02/00023','KS AZS AWF Katowice',NULL,NULL,NULL,4.0,6.600,10.600,3.8,7.200,11.000,NULL,NULL,NULL),('ŻEMEŁKA Dawid','junior','Z/06/00087','MKS Gdańsk',NULL,NULL,NULL,2.4,8.600,11.000,3.1,8.600,11.700,2.4,8.000,10.400),('ĆWIEK Tymoteusz','junior','Z/06/00130','KS AZS AWF Kraków',3.1,7.450,10.550,NULL,NULL,NULL,2.3,7.450,9.750,NULL,NULL,NULL),('KOPERSKI Filip','junior','Z/07/00266','KS AZS AWF Kraków',NULL,NULL,NULL,3.0,8.200,11.200,3.0,8.100,11.100,3.0,9.000,12.000),('AZUMI Vincent','junior','Z/07/00342','MKS Gdańsk',NULL,NULL,NULL,0.0,0.000,0.000,0.0,0.000,0.000,NULL,NULL,NULL),('LEKHAC Tomasz','junior','Z/08/00007','CWZS Zawisza KG Bydgoszcz',4.1,8.550,12.650,4.2,9.100,13.300,4.2,8.600,12.800,4.2,7.700,11.900),('RZEŹNICKI Gracjan','junior','Z/08/00032','KS Iskra Zabrze',NULL,NULL,NULL,0.0,0.000,0.000,NULL,NULL,NULL,NULL,NULL,NULL),('LESIŃSKI Piotr','senior','Z/1999/55','KS AZS AWFiS Gdańsk',NULL,NULL,NULL,NULL,NULL,NULL,2.7,8.550,11.250,NULL,NULL,NULL),('LUKIANIENKO Illia','senior','Z/2000/104','MKS Kusy Szczecin',NULL,NULL,NULL,NULL,NULL,NULL,4.3,7.100,11.400,NULL,NULL,NULL),('SIUTA Jakub','senior','Z/2000/105','KS AZS AWF Katowice',NULL,NULL,NULL,0.0,0.000,0.000,0.0,0.000,0.000,NULL,NULL,NULL),('KORNIICHUK Yehor','senior','Z/2001/135','KS AZS AWFiS Gdańsk',NULL,NULL,NULL,4.3,8.200,12.500,0.0,0.000,0.000,NULL,NULL,NULL),('LAKHIN Yaroslav','senior','Z/2003/308','CWZS Zawisza KG Bydgoszcz',NULL,NULL,NULL,3.5,8.050,11.550,3.5,9.100,12.600,NULL,NULL,NULL),('HERASYMOV Mykyta','senior','Z/2003/338','KS AZS AWFiS Gdańsk',NULL,NULL,NULL,2.4,8.600,11.000,2.5,8.700,11.200,NULL,NULL,NULL);
/*!40000 ALTER TABLE `pararell_bars_2022` ENABLE KEYS */;
UNLOCK TABLES;

--
-- Table structure for table `pc_apparatus_final_2022`
--

DROP TABLE IF EXISTS `pc_apparatus_final_2022`;
/*!40101 SET @saved_cs_client     = @@character_set_client */;
/*!50503 SET character_set_client = utf8mb4 */;
CREATE TABLE `pc_apparatus_final_2022` (
  `Rk` int DEFAULT NULL,
  `Apparatus` text,
  `Name` text,
  `License_number` varchar(20) DEFAULT NULL,
  `Category` text,
  `Birth_year` int DEFAULT NULL,
  `Club` varchar(60) DEFAULT NULL,
  `D_score` decimal(10,1) DEFAULT NULL,
  `E_score` decimal(10,3) DEFAULT NULL,
  `Penalty` double DEFAULT NULL,
  `Total_score` decimal(10,3) DEFAULT NULL,
  KEY `final_license_idx` (`License_number`),
  KEY `final_club_idx` (`Club`),
  CONSTRAINT `final_club` FOREIGN KEY (`Club`) REFERENCES `all_clubs` (`Club`),
  CONSTRAINT `final_license` FOREIGN KEY (`License_number`) REFERENCES `all_gymnasts` (`License_number`)
) ENGINE=InnoDB DEFAULT CHARSET=utf8mb4 COLLATE=utf8mb4_0900_ai_ci;
/*!40101 SET character_set_client = @saved_cs_client */;

--
-- Dumping data for table `pc_apparatus_final_2022`
--

LOCK TABLES `pc_apparatus_final_2022` WRITE;
/*!40000 ALTER TABLE `pc_apparatus_final_2022` DISABLE KEYS */;
INSERT INTO `pc_apparatus_final_2022` VALUES (1,'Floor Exercise','GAWROŃSKI Sebastian','32203','senior',1996,'KS AZS AWF Katowice',5.5,8.100,0,13.600),(2,'Floor Exercise','SASNAL Filip','32804','senior',1997,'KS AZS AWF Kraków',6.0,7.650,-0.5,13.150),(3,'Floor Exercise','LUDYNIA Marceli','32213','senior',2001,'KS AZS AWF Katowice',4.3,8.100,0,12.400),(4,'Floor Exercise','BRACKI Borys','32570','senior',2004,'KS AZS AWF Katowice',3.6,8.750,0,12.350),(5,'Floor Exercise','CHRUŚCIEL Szymon','33132','senior',2004,'KS AZS AWF Kraków',4.1,8.000,-0.1,12.000),(6,'Floor Exercise','GARNCZAREK Kacper','32211','senior',2002,'KS AZS AWF Katowice',5.2,7.050,-0.3,11.950),(7,'Floor Exercise','SZYMCZYK Radosław','33928','senior',2004,'KS AZS AWF Kraków',4.1,7.550,0,11.650),(8,'Floor Exercise','LUKIANIENKO Illia','Z/2000/104','senior',2000,'MKS Kusy Szczecin',5.0,6.300,-0.6,10.700),(1,'Pommel Horse','GARNCZAREK Kacper','32211','senior',2002,'KS AZS AWF Katowice',5.2,8.000,0,13.200),(2,'Pommel Horse','LAKHIN Yaroslav','Z/2003/308','senior',2003,'CWZS Zawisza KG Bydgoszcz',4.1,8.350,0,12.450),(3,'Pommel Horse','LUKIANIENKO Illia','Z/2000/104','senior',2000,'MKS Kusy Szczecin',4.7,7.600,0,12.300),(4,'Pommel Horse','SZYMCZYK Radosław','33928','senior',2004,'KS AZS AWF Kraków',3.6,8.550,0,12.150),(5,'Pommel Horse','BRACKI Borys','32570','senior',2004,'KS AZS AWF Katowice',3.8,7.850,0,11.650),(6,'Pommel Horse','KAŚKÓW Paweł','33059','senior',2000,'KS AZS AWFiS Gdańsk',4.3,6.350,0,10.650),(7,'Pommel Horse','JAKUBOWSKI Jakub','33661','senior',2003,'KS AZS AWFiS Gdańsk',3.4,6.200,0,9.600),(8,'Pommel Horse','KUROWSKI Jakub','30190','senior',2004,'MKS Kusy Szczecin',3.7,7.650,-3,8.350),(1,'Still Rings','GAWROŃSKI Sebastian','32203','senior',1996,'KS AZS AWF Katowice',5.0,8.650,0,13.650),(2,'Still Rings','SASNAL Filip','32804','senior',1997,'KS AZS AWF Kraków',4.3,8.700,0,13.000),(3,'Still Rings','KAŚKÓW Paweł','33059','senior',2000,'KS AZS AWFiS Gdańsk',3.8,8.800,0,12.600),(4,'Still Rings','IAREMCHUK Vladyslav','Z/02/00023','senior',2002,'KS AZS AWF Katowice',4.5,8.050,0,12.550),(5,'Still Rings','BRACKI Borys','32570','senior',2004,'KS AZS AWF Katowice',3.9,8.350,0,12.250),(6,'Still Rings','BOBER Michał','33750','senior',2002,'UKS SP7 Łódź',3.4,8.250,0,11.650),(7,'Still Rings','LUKIANIENKO Illia','Z/2000/104','senior',2000,'MKS Kusy Szczecin',4.4,7.300,-0.3,11.400),(8,'Still Rings','GARNCZAREK Kacper','32211','senior',2002,'KS AZS AWF Katowice',0.0,0.000,0,0.000),(1,'Pararell Bars','SASNAL Filip','32804','senior',1997,'KS AZS AWF Kraków',4.2,8.900,0,13.100),(2,'Pararell Bars','BOBER Michał','33750','senior',2002,'UKS SP7 Łódź',3.9,8.650,0,12.550),(3,'Pararell Bars','GARNCZAREK Kacper','32211','senior',2002,'KS AZS AWF Katowice',5.3,6.900,0,12.200),(3,'Pararell Bars','BRACKI Borys','32570','senior',2004,'KS AZS AWF Katowice',4.0,8.200,0,12.200),(5,'Pararell Bars','KUROWSKI Jakub','30190','senior',2004,'MKS Kusy Szczecin',3.5,8.450,0,11.950),(6,'Pararell Bars','KAŚKÓW Paweł','33059','senior',2000,'KS AZS AWFiS Gdańsk',3.9,7.950,0,11.850),(7,'Pararell Bars','LAKHIN Yaroslav','Z/2003/308','senior',2003,'CWZS Zawisza KG Bydgoszcz',3.5,8.200,0,11.700),(8,'Pararell Bars','FRONT Filip','30170','senior',2002,'KS AZS AWFiS Gdańsk',3.1,7.300,0,10.400),(1,'Horizontal Bar','GARNCZAREK Kacper','32211','senior',2002,'KS AZS AWF Katowice',4.6,8.700,0,13.300),(2,'Horizontal Bar','GAWROŃSKI Sebastian','32203','senior',1996,'KS AZS AWF Katowice',4.6,8.000,0,12.600),(3,'Horizontal Bar','SASNAL Filip','32804','senior',1997,'KS AZS AWF Kraków',4.4,8.100,0,12.500),(4,'Horizontal Bar','WIERZBA Kacper','32450','senior',2003,'MKS Gdańsk',3.9,7.950,0,11.850),(5,'Horizontal Bar','LUKIANIENKO Illia','Z/2000/104','senior',2000,'MKS Kusy Szczecin',3.7,7.900,0,11.600),(6,'Horizontal Bar','KAŚKÓW Paweł','33059','senior',2000,'KS AZS AWFiS Gdańsk',4.3,7.250,0,11.550),(7,'Horizontal Bar','BOBER Michał','33750','senior',2002,'UKS SP7 Łódź',3.0,8.200,0,11.200),(8,'Horizontal Bar','CHRUŚCIEL Szymon','33132','senior',2004,'KS AZS AWF Kraków',2.7,7.950,0,10.650),(1,'Floor Exercise','KWIATKOWSKI Michał','30185','junior',2005,'MKS Kusy Szczecin',4.2,8.350,0,12.550),(2,'Floor Exercise','KUZDRA Christian','33663','junior',2006,'MKS Gdańsk',3.6,8.650,-0.3,11.950),(3,'Floor Exercise','SADZA Jakub','326132','junior',2006,'NTG Nysa',3.5,8.250,0,11.750),(4,'Floor Exercise','KOŁODZIEJCZYK Karol','32980','junior',2007,'KS AZS AWF Kraków',3.4,8.350,-0.3,11.450),(5,'Floor Exercise','AZUMI Vincent','Z/07/00342','junior',2007,'MKS Gdańsk',3.8,7.550,-0.1,11.250),(6,'Floor Exercise','ŻEMEŁKA Dawid','Z/06/00087','junior',2006,'MKS Gdańsk',3.1,8.350,-0.3,11.150),(7,'Floor Exercise','MOSKAL Błażej','330111','junior',2006,'MKS Gdańsk',3.4,8.050,-0.4,11.050),(8,'Floor Exercise','ŁUCKI Miłosz','32453','junior',2006,'KG Radlin',3.2,7.650,-0.3,10.550),(1,'Pommel Horse','KORBIEL Franciszek','33134','junior',2006,'KS AZS AWF Kraków',4.2,8.450,0,12.650),(2,'Pommel Horse','LEKHAC Tomasz','Z/08/00007','junior',2008,'CWZS Zawisza KG Bydgoszcz',3.8,8.300,0,12.100),(3,'Pommel Horse','KOPERSKI Filip','Z/07/00266','junior',2007,'KS AZS AWF Kraków',2.9,8.100,0,11.000),(3,'Pommel Horse','KUZDRA Christian','33663','junior',2006,'MKS Gdańsk',3.9,7.100,0,11.000),(5,'Pommel Horse','JANKOWSKI Dominik','330115','junior',2007,'MKS Gdańsk',2.6,7.500,-0.3,9.800),(6,'Pommel Horse','KLIMCZUK Michał','330118','junior',2006,'MKS Gdańsk',2.6,7.250,-0.3,9.550),(7,'Pommel Horse','KUBALA Kacper','330113','junior',2006,'MKS Gdańsk',2.2,6.200,-0.3,8.100),(1,'Still Rings','AZUMI Vincent','Z/07/00342','junior',2007,'MKS Gdańsk',3.7,8.350,-0.3,11.750),(2,'Still Rings','KOPERSKI Filip','Z/07/00266','junior',2007,'KS AZS AWF Kraków',3.4,7.750,0,11.150),(3,'Still Rings','JANKOWSKI Dominik','330115','junior',2007,'MKS Gdańsk',2.3,7.700,-0.3,9.700),(4,'Still Rings','KLIMCZUK Michał','330118','junior',2006,'MKS Gdańsk',1.7,8.150,-0.3,9.550),(5,'Still Rings','ĆWIEK Tymoteusz','Z/06/00130','junior',2006,'KS AZS AWF Kraków',1.9,7.400,-0.3,9.000),(6,'Still Rings','MOSKAL Błażej','330111','junior',2006,'MKS Gdańsk',2.1,7.100,-0.3,8.900),(7,'Still Rings','ŁUCKI Miłosz','32453','junior',2006,'KG Radlin',2.1,7.000,-0.3,8.800),(1,'Pararell Bars','LEKHAC Tomasz','Z/08/00007','junior',2008,'CWZS Zawisza KG Bydgoszcz',4.2,8.550,0,12.750),(2,'Pararell Bars','KWIATKOWSKI Michał','30185','junior',2005,'MKS Kusy Szczecin',3.5,8.400,0,11.900),(3,'Pararell Bars','KORBIEL Franciszek','33134','junior',2006,'KS AZS AWF Kraków',3.1,8.650,0,11.750),(4,'Pararell Bars','KOŁODZIEJCZYK Karol','32980','junior',2007,'KS AZS AWF Kraków',3.0,8.350,0,11.350),(5,'Pararell Bars','ŻEMEŁKA Dawid','Z/06/00087','junior',2006,'MKS Gdańsk',3.1,7.850,0,10.950),(6,'Pararell Bars','KUBALA Kacper','330113','junior',2006,'MKS Gdańsk',2.4,8.400,0,10.800),(7,'Pararell Bars','ĆWIEK Tymoteusz','Z/06/00130','junior',2006,'KS AZS AWF Kraków',2.2,7.700,0,9.900),(1,'Horizontal Bar','LEKHAC Tomasz','Z/08/00007','junior',2008,'CWZS Zawisza KG Bydgoszcz',2.7,8.850,0,11.550),(2,'Horizontal Bar','AZUMI Vincent','Z/07/00342','junior',2007,'MKS Gdańsk',2.7,8.250,0,10.950),(3,'Horizontal Bar','KOŁODZIEJCZYK Karol','32980','junior',2007,'KS AZS AWF Kraków',2.4,8.150,0,10.550),(4,'Horizontal Bar','KORBIEL Franciszek','33134','junior',2006,'KS AZS AWF Kraków',3.1,7.200,0,10.300),(5,'Horizontal Bar','KUZDRA Christian','33663','junior',2006,'MKS Gdańsk',2.7,7.450,0,10.150),(6,'Horizontal Bar','KLIMCZUK Michał','330118','junior',2006,'MKS Gdańsk',1.8,8.100,0,9.900),(7,'Horizontal Bar','ŻEMEŁKA Dawid','Z/06/00087','junior',2006,'MKS Gdańsk',2.0,7.600,0,9.600);
/*!40000 ALTER TABLE `pc_apparatus_final_2022` ENABLE KEYS */;
UNLOCK TABLES;

--
-- Table structure for table `pc_vault_final_2022`
--

DROP TABLE IF EXISTS `pc_vault_final_2022`;
/*!40101 SET @saved_cs_client     = @@character_set_client */;
/*!50503 SET character_set_client = utf8mb4 */;
CREATE TABLE `pc_vault_final_2022` (
  `Rk` int DEFAULT NULL,
  `Name` varchar(45) DEFAULT NULL,
  `License_number` varchar(20) DEFAULT NULL,
  `Category` text,
  `Birth_year` int DEFAULT NULL,
  `Club` varchar(60) DEFAULT NULL,
  `D1_score` decimal(10,1) DEFAULT NULL,
  `E1_score` decimal(10,3) DEFAULT NULL,
  `Penalty1` double DEFAULT NULL,
  `Total_Score1` decimal(10,3) DEFAULT NULL,
  `D2_score` decimal(10,1) DEFAULT NULL,
  `E2_score` decimal(10,3) DEFAULT NULL,
  `Penalty2` double DEFAULT NULL,
  `Total_Score2` decimal(10,3) DEFAULT NULL,
  `Final_score` decimal(10,3) DEFAULT NULL,
  KEY `vt_final_license_idx` (`License_number`),
  KEY `vt_final_club_idx` (`Club`),
  CONSTRAINT `vt_final_club` FOREIGN KEY (`Club`) REFERENCES `all_clubs` (`Club`),
  CONSTRAINT `vt_final_license` FOREIGN KEY (`License_number`) REFERENCES `all_gymnasts` (`License_number`)
) ENGINE=InnoDB DEFAULT CHARSET=utf8mb4 COLLATE=utf8mb4_0900_ai_ci;
/*!40101 SET character_set_client = @saved_cs_client */;

--
-- Dumping data for table `pc_vault_final_2022`
--

LOCK TABLES `pc_vault_final_2022` WRITE;
/*!40000 ALTER TABLE `pc_vault_final_2022` DISABLE KEYS */;
INSERT INTO `pc_vault_final_2022` VALUES (1,'SASNAL Filip','32804','senior',1997,'KS AZS AWF Kraków',5.2,9.250,0,14.450,4.8,9.300,0,14.100,14.275),(2,'KAŚKÓW Paweł','33059','senior',2000,'KS AZS AWFiS Gdańsk',4.8,8.050,-0.1,12.750,4.0,8.950,0,12.950,12.850),(3,'KUROWSKI Jakub','30190','senior',2004,'MKS Kusy Szczecin',4.0,9.200,0,13.200,2.8,9.300,0,12.100,12.650),(4,'WIERZBA Kacper','32450','senior',2003,'MKS Gdańsk',4.0,9.000,0,13.000,2.8,9.200,0,12.000,12.500),(5,'PAWŁOWSKI Jakub','33097','senior',2004,'MKS Gdańsk',4.0,9.200,0,13.200,2.8,9.000,0,11.800,12.500),(6,'FRONT Filip','30170','senior',2002,'KS AZS AWFiS Gdańsk',2.8,8.850,0,11.650,4.0,9.050,0,13.050,12.350),(7,'CHRUŚCIEL Szymon','33132','senior',2004,'KS AZS AWF Kraków',3.2,9.150,0,12.350,2.8,9.000,0,11.800,12.075),(8,'SZYMCZYK Radosław','33928','senior',2004,'KS AZS AWF Kraków',4.0,8.700,-0.1,12.600,2.8,9.000,-0.3,11.500,12.050),(1,'KOPERSKI Filip','Z/07/00266','junior',2007,'KS AZS AWF Kraków',4.0,9.000,0,13.000,2.4,9.050,0,11.450,12.225),(2,'KWIATKOWSKI Michał','30185','junior',2005,'MKS Kusy Szczecin',2.8,8.400,-0.1,11.100,3.2,9.300,0,12.500,11.800),(3,'JANKOWSKI Dominik','330115','junior',2007,'MKS Gdańsk',2.8,8.900,0,11.700,2.4,8.650,-0.1,10.950,11.325),(4,'MOSKAL Błażej','330111','junior',2006,'MKS Gdańsk',2.4,9.050,0,11.450,2.4,9.000,-2,9.400,10.425),(5,'SADZA Jakub','326132','junior',2006,'NTG Nysa',2.4,7.350,0,9.750,1.6,9.300,0,10.900,10.325),(6,'ĆWIEK Tymoteusz','Z/06/00130','junior',2006,'KS AZS AWF Kraków',2.4,7.750,-0.3,9.850,2.8,7.650,0,10.450,10.150),(7,'ŁUCKI Miłosz','32453','junior',2006,'KG Radlin',2.2,7.550,0,9.750,1.8,8.650,0,10.450,10.100);
/*!40000 ALTER TABLE `pc_vault_final_2022` ENABLE KEYS */;
UNLOCK TABLES;

--
-- Table structure for table `pommel_horse_2022`
--

DROP TABLE IF EXISTS `pommel_horse_2022`;
/*!40101 SET @saved_cs_client     = @@character_set_client */;
/*!50503 SET character_set_client = utf8mb4 */;
CREATE TABLE `pommel_horse_2022` (
  `Name` varchar(45) DEFAULT NULL,
  `Category` varchar(45) DEFAULT NULL,
  `License_number` varchar(20) NOT NULL,
  `Club` varchar(60) DEFAULT NULL,
  `bydgoszcz_PH_Dscore` decimal(10,1) DEFAULT NULL,
  `bydgoszcz_PH_Escore` decimal(10,3) DEFAULT NULL,
  `bydgoszcz_PH_Total_Score` decimal(10,3) DEFAULT NULL,
  `zabrze_PH_Dscore` decimal(10,1) DEFAULT NULL,
  `zabrze_PH_Escore` decimal(10,3) DEFAULT NULL,
  `zabrze_PH_Total_Score` decimal(10,3) DEFAULT NULL,
  `cracow_PH_Dscore` decimal(10,1) DEFAULT NULL,
  `cracow_PH_Escore` decimal(10,3) DEFAULT NULL,
  `cracow_PH_Total_Score` decimal(10,3) DEFAULT NULL,
  `gdansk_PH_Dscore` decimal(10,1) DEFAULT NULL,
  `gdansk_PH_Escore` decimal(10,3) DEFAULT NULL,
  `gdansk_PH_Total_Score` decimal(10,3) DEFAULT NULL
) ENGINE=InnoDB DEFAULT CHARSET=utf8mb4 COLLATE=utf8mb4_0900_ai_ci;
/*!40101 SET character_set_client = @saved_cs_client */;

--
-- Dumping data for table `pommel_horse_2022`
--

LOCK TABLES `pommel_horse_2022` WRITE;
/*!40000 ALTER TABLE `pommel_horse_2022` DISABLE KEYS */;
INSERT INTO `pommel_horse_2022` VALUES ('KOLORZ Maks','junior','111111','KG Radlin',1.3,0.000,1.300,NULL,NULL,NULL,NULL,NULL,NULL,NULL,NULL,NULL),('RUS Gracjan','junior','111112','KG Radlin',0.6,0.000,0.600,NULL,NULL,NULL,NULL,NULL,NULL,NULL,NULL,NULL),('MYSZI Dominik','junior','111113','KG Radlin',1.5,0.000,1.500,NULL,NULL,NULL,NULL,NULL,NULL,NULL,NULL,NULL),('SZCZUBIAŁ Bartłomiej','junior','222222','KS AZS AWF Kraków',3.0,7.600,10.600,NULL,NULL,NULL,NULL,NULL,NULL,NULL,NULL,NULL),('FRONT Filip','senior','30170','KS AZS AWFiS Gdańsk',NULL,NULL,NULL,0.0,0.000,0.000,0.0,0.000,0.000,0.0,0.000,0.000),('KWIATKOWSKI Michał','junior','30185','MKS Kusy Szczecin',3.6,7.000,10.600,3.6,6.200,9.800,3.4,7.950,11.350,3.6,8.300,11.900),('KUŹMIŃSKI Bartosz','senior','30186','MKS Kusy Szczecin',2.3,2.000,4.300,0.0,0.000,0.000,0.0,0.000,0.000,NULL,NULL,NULL),('SIEDZIAKO Igor','senior','30189','MKS Kusy Szczecin',2.4,1.100,3.500,0.0,0.000,0.000,0.0,0.000,0.000,NULL,NULL,NULL),('KUROWSKI Jakub','senior','30190','MKS Kusy Szczecin',0.0,0.000,0.000,3.8,7.750,11.550,3.8,8.000,11.800,3.2,7.400,10.600),('PIETRUSZKIEWICZ Jakub','senior','30192','MKS Kusy Szczecin',NULL,NULL,NULL,0.0,0.000,0.000,0.0,0.000,0.000,NULL,NULL,NULL),('CZARNECKI Aleksander','junior','30195','MKS Kusy Szczecin',3.3,6.650,9.950,3.6,8.350,11.950,0.0,0.000,0.000,3.6,6.300,9.900),('GAWROŃSKI Sebastian','senior','32203','KS AZS AWF Katowice',NULL,NULL,NULL,NULL,NULL,NULL,4.2,6.500,10.700,4.1,7.900,12.000),('GARNCZAREK Kacper','senior','32211','KS AZS AWF Katowice',NULL,NULL,NULL,4.9,7.400,12.300,5.2,7.700,12.900,4.9,6.000,10.900),('LUDYNIA Marceli','senior','32213','KS AZS AWF Katowice',3.0,6.300,9.300,3.0,7.500,10.500,3.1,3.050,6.150,2.9,7.100,10.000),('MARCZEWSKI Stanisław','junior','32361','MKS Gdańsk',2.6,6.000,8.600,0.0,0.000,0.000,NULL,NULL,NULL,NULL,NULL,NULL),('WIERZBA Kacper','senior','32450','MKS Gdańsk',NULL,NULL,NULL,3.4,5.500,8.900,0.0,0.000,0.000,3.4,6.400,9.800),('ŁUCKI Miłosz','junior','32453','KG Radlin',NULL,NULL,NULL,NULL,NULL,NULL,0.0,0.000,0.000,NULL,NULL,NULL),('NOWAK Maciej','senior','32524','KS AZS AWF Katowice',3.8,7.900,11.700,NULL,NULL,NULL,NULL,NULL,NULL,NULL,NULL,NULL),('BRACKI Borys','senior','32570','KS AZS AWF Katowice',3.6,7.550,11.150,4.1,6.700,10.800,3.6,8.000,11.600,4.1,6.700,10.800),('SADZA Jakub','junior','326132','NTG Nysa',NULL,NULL,NULL,NULL,NULL,NULL,0.0,0.000,0.000,NULL,NULL,NULL),('WROŃSKI Filip','senior','32670','NTG Nysa',NULL,NULL,NULL,3.0,8.400,11.400,NULL,NULL,NULL,3.2,7.800,11.000),('SASNAL Filip','senior','32804','KS AZS AWF Kraków',4.4,7.100,11.500,4.6,6.400,11.000,4.4,7.000,11.400,4.4,5.000,9.400),('KOŁODZIEJCZYK Karol','junior','32980','KS AZS AWF Kraków',3.0,8.600,11.600,3.0,7.200,10.200,3.0,5.750,8.750,2.8,8.500,11.300),('KLIMCZUK Paweł','senior','330103','MKS Gdańsk',NULL,NULL,NULL,3.1,6.000,9.100,3.5,5.600,9.100,NULL,NULL,NULL),('MOSKAL Błażej','junior','330111','MKS Gdańsk',2.8,4.000,6.800,2.7,1.950,4.650,2.2,4.950,7.150,2.6,7.000,9.600),('KUBALA Kacper','junior','330113','MKS Gdańsk',2.1,4.500,6.600,2.2,6.500,8.700,2.2,6.200,8.400,2.0,3.500,5.500),('JANKOWSKI Dominik','junior','330115','MKS Gdańsk',2.6,7.700,10.300,2.6,8.550,11.150,2.6,7.650,10.250,2.6,7.200,9.800),('KLIMCZUK Michał','junior','330118','MKS Gdańsk',2.6,4.900,7.500,NULL,NULL,NULL,2.6,7.650,10.250,2.6,6.500,9.100),('KAŚKÓW Paweł','senior','33059','KS AZS AWFiS Gdańsk',4.2,8.000,12.200,NULL,NULL,NULL,4.4,7.200,11.600,NULL,NULL,NULL),('PAWŁOWSKI Jakub','senior','33097','MKS Gdańsk',NULL,NULL,NULL,2.6,0.000,2.600,2.9,5.000,7.900,3.4,8.400,11.800),('CHRUŚCIEL Szymon','senior','33132','KS AZS AWF Kraków',3.2,6.100,9.300,3.2,4.750,7.950,3.2,4.600,7.800,3.5,5.500,9.000),('KORBIEL Franciszek','junior','33134','KS AZS AWF Kraków',4.4,7.850,12.250,4.3,7.900,12.200,3.6,7.450,11.050,3.9,8.200,12.100),('MISHCHENKO Oleksandr','junior','33333','MKS Kusy Szczecin',3.1,7.650,10.750,NULL,NULL,NULL,NULL,NULL,NULL,2.7,6.000,8.700),('JAKUBOWSKI Jakub','senior','33661','KS AZS AWFiS Gdańsk',3.8,7.100,10.900,4.0,7.800,11.800,4.2,8.000,12.200,3.8,7.600,11.400),('BIAŁOWĄS Oliwier','senior','33662','CWZS Zawisza KG Bydgoszcz',NULL,NULL,NULL,0.0,0.000,0.000,NULL,NULL,NULL,0.0,0.000,0.000),('KUZDRA Christian','junior','33663','MKS Gdańsk',4.4,7.000,11.400,3.9,7.000,10.900,3.6,8.400,12.000,3.6,8.300,11.900),('KUZDRA Konrad','senior','33664','MKS Gdańsk',NULL,NULL,NULL,2.7,7.000,9.700,0.0,0.000,0.000,2.4,5.800,8.200),('BOBER Michał','senior','33750','UKS SP7 Łódź',3.9,7.800,11.700,3.8,6.200,10.000,3.7,7.000,10.700,3.1,7.600,10.700),('SZYMCZYK Radosław','senior','33928','KS AZS AWF Kraków',4.0,8.650,12.650,3.7,8.600,12.300,3.7,8.850,12.550,NULL,NULL,NULL),('IAREMCHUK Vladyslav','senior','Z/02/00023','KS AZS AWF Katowice',NULL,NULL,NULL,4.5,7.300,11.800,4.7,6.800,11.500,NULL,NULL,NULL),('ŻEMEŁKA Dawid','junior','Z/06/00087','MKS Gdańsk',NULL,NULL,NULL,2.2,5.750,7.950,2.2,2.750,4.950,2.5,5.500,8.000),('ĆWIEK Tymoteusz','junior','Z/06/00130','KS AZS AWF Kraków',2.6,4.400,7.000,NULL,NULL,NULL,2.4,5.700,8.100,NULL,NULL,NULL),('KOPERSKI Filip','junior','Z/07/00266','KS AZS AWF Kraków',NULL,NULL,NULL,2.9,7.200,10.100,2.9,8.150,11.050,2.9,8.100,11.000),('AZUMI Vincent','junior','Z/07/00342','MKS Gdańsk',NULL,NULL,NULL,0.0,0.000,0.000,0.0,0.000,0.000,NULL,NULL,NULL),('LEKHAC Tomasz','junior','Z/08/00007','CWZS Zawisza KG Bydgoszcz',3.8,8.950,12.750,3.8,8.900,12.700,3.8,8.550,12.350,3.7,8.800,12.500),('RZEŹNICKI Gracjan','junior','Z/08/00032','KS Iskra Zabrze',NULL,NULL,NULL,0.0,0.000,0.000,NULL,NULL,NULL,NULL,NULL,NULL),('LESIŃSKI Piotr','senior','Z/1999/55','KS AZS AWFiS Gdańsk',NULL,NULL,NULL,NULL,NULL,NULL,0.0,0.000,0.000,NULL,NULL,NULL),('LUKIANIENKO Illia','senior','Z/2000/104','MKS Kusy Szczecin',NULL,NULL,NULL,NULL,NULL,NULL,4.6,7.700,12.300,NULL,NULL,NULL),('SIUTA Jakub','senior','Z/2000/105','KS AZS AWF Katowice',NULL,NULL,NULL,0.0,0.000,0.000,0.0,0.000,0.000,NULL,NULL,NULL),('KORNIICHUK Yehor','senior','Z/2001/135','KS AZS AWFiS Gdańsk',NULL,NULL,NULL,3.3,6.000,9.300,3.6,6.700,10.300,NULL,NULL,NULL),('LAKHIN Yaroslav','senior','Z/2003/308','CWZS Zawisza KG Bydgoszcz',NULL,NULL,NULL,4.2,8.250,12.450,4.2,8.500,12.700,NULL,NULL,NULL),('HERASYMOV Mykyta','senior','Z/2003/338','KS AZS AWFiS Gdańsk',NULL,NULL,NULL,3.4,7.000,10.400,3.3,4.150,7.450,NULL,NULL,NULL);
/*!40000 ALTER TABLE `pommel_horse_2022` ENABLE KEYS */;
UNLOCK TABLES;

--
-- Table structure for table `still_rings_2022`
--

DROP TABLE IF EXISTS `still_rings_2022`;
/*!40101 SET @saved_cs_client     = @@character_set_client */;
/*!50503 SET character_set_client = utf8mb4 */;
CREATE TABLE `still_rings_2022` (
  `Name` varchar(45) DEFAULT NULL,
  `Category` varchar(45) DEFAULT NULL,
  `License_number` varchar(20) NOT NULL,
  `Club` varchar(60) DEFAULT NULL,
  `bydgoszcz_SR_Dscore` decimal(10,1) DEFAULT NULL,
  `bydgoszcz_SR_Escore` decimal(10,3) DEFAULT NULL,
  `bydgoszcz_SR_Total_Score` decimal(10,3) DEFAULT NULL,
  `zabrze_SR_Dscore` decimal(10,1) DEFAULT NULL,
  `zabrze_SR_Escore` decimal(10,3) DEFAULT NULL,
  `zabrze_SR_Total_Score` decimal(10,3) DEFAULT NULL,
  `cracow_SR_Dscore` decimal(10,1) DEFAULT NULL,
  `cracow_SR_Escore` decimal(10,3) DEFAULT NULL,
  `cracow_SR_Total_Score` decimal(10,3) DEFAULT NULL,
  `gdansk_SR_Dscore` decimal(10,1) DEFAULT NULL,
  `gdansk_SR_Escore` decimal(10,3) DEFAULT NULL,
  `gdansk_SR_Total_Score` decimal(10,3) DEFAULT NULL
) ENGINE=InnoDB DEFAULT CHARSET=utf8mb4 COLLATE=utf8mb4_0900_ai_ci;
/*!40101 SET character_set_client = @saved_cs_client */;

--
-- Dumping data for table `still_rings_2022`
--

LOCK TABLES `still_rings_2022` WRITE;
/*!40000 ALTER TABLE `still_rings_2022` DISABLE KEYS */;
INSERT INTO `still_rings_2022` VALUES ('KOLORZ Maks','junior','111111','KG Radlin',2.1,5.200,7.300,NULL,NULL,NULL,NULL,NULL,NULL,NULL,NULL,NULL),('RUS Gracjan','junior','111112','KG Radlin',1.5,3.300,4.800,NULL,NULL,NULL,NULL,NULL,NULL,NULL,NULL,NULL),('MYSZI Dominik','junior','111113','KG Radlin',2.1,6.500,8.600,NULL,NULL,NULL,NULL,NULL,NULL,NULL,NULL,NULL),('SZCZUBIAŁ Bartłomiej','junior','222222','KS AZS AWF Kraków',2.3,7.150,9.450,NULL,NULL,NULL,NULL,NULL,NULL,NULL,NULL,NULL),('FRONT Filip','senior','30170','KS AZS AWFiS Gdańsk',NULL,NULL,NULL,4.0,8.400,12.400,4.0,7.650,11.650,4.3,7.200,11.500),('KWIATKOWSKI Michał','junior','30185','MKS Kusy Szczecin',3.3,7.100,10.400,3.2,9.000,12.200,3.3,6.950,10.250,3.3,7.900,11.200),('KUŹMIŃSKI Bartosz','senior','30186','MKS Kusy Szczecin',0.0,0.000,0.000,0.0,0.000,0.000,0.0,0.000,0.000,NULL,NULL,NULL),('SIEDZIAKO Igor','senior','30189','MKS Kusy Szczecin',2.9,7.000,9.900,0.0,0.000,0.000,0.0,0.000,0.000,NULL,NULL,NULL),('KUROWSKI Jakub','senior','30190','MKS Kusy Szczecin',3.2,7.400,10.600,3.8,7.700,11.500,3.8,8.550,12.350,3.7,7.300,11.000),('PIETRUSZKIEWICZ Jakub','senior','30192','MKS Kusy Szczecin',NULL,NULL,NULL,3.2,6.900,10.100,0.0,0.000,0.000,NULL,NULL,NULL),('CZARNECKI Aleksander','junior','30195','MKS Kusy Szczecin',2.6,6.900,9.500,2.9,8.100,11.000,0.0,0.000,0.000,2.3,8.600,10.900),('GAWROŃSKI Sebastian','senior','32203','KS AZS AWF Katowice',NULL,NULL,NULL,NULL,NULL,NULL,5.0,8.100,13.100,5.3,6.600,11.900),('GARNCZAREK Kacper','senior','32211','KS AZS AWF Katowice',NULL,NULL,NULL,4.1,8.350,12.450,4.1,8.100,12.200,2.8,9.200,12.000),('LUDYNIA Marceli','senior','32213','KS AZS AWF Katowice',2.7,7.700,10.400,2.5,8.150,10.650,2.8,7.100,9.900,2.7,7.400,10.100),('MARCZEWSKI Stanisław','junior','32361','MKS Gdańsk',2.8,8.100,10.900,0.0,0.000,0.000,NULL,NULL,NULL,NULL,NULL,NULL),('WIERZBA Kacper','senior','32450','MKS Gdańsk',NULL,NULL,NULL,3.8,7.500,11.300,3.8,7.700,11.500,3.8,7.900,11.700),('ŁUCKI Miłosz','junior','32453','KG Radlin',NULL,NULL,NULL,NULL,NULL,NULL,2.0,7.350,9.350,NULL,NULL,NULL),('NOWAK Maciej','senior','32524','KS AZS AWF Katowice',2.7,8.000,10.700,NULL,NULL,NULL,NULL,NULL,NULL,NULL,NULL,NULL),('BRACKI Borys','senior','32570','KS AZS AWF Katowice',3.9,6.400,10.300,3.7,7.900,11.600,3.9,8.200,12.100,3.5,8.300,11.800),('SADZA Jakub','junior','326132','NTG Nysa',NULL,NULL,NULL,NULL,NULL,NULL,0.0,0.000,0.000,NULL,NULL,NULL),('WROŃSKI Filip','senior','32670','NTG Nysa',NULL,NULL,NULL,3.9,8.400,12.300,NULL,NULL,NULL,3.9,8.200,12.100),('SASNAL Filip','senior','32804','KS AZS AWF Kraków',4.6,7.200,11.800,3.9,8.100,12.000,4.3,7.850,12.150,4.2,8.000,12.200),('KOŁODZIEJCZYK Karol','junior','32980','KS AZS AWF Kraków',2.3,7.300,9.600,2.1,8.050,10.150,2.3,7.900,10.200,2.3,8.000,10.300),('KLIMCZUK Paweł','senior','330103','MKS Gdańsk',NULL,NULL,NULL,0.0,0.000,0.000,0.0,0.000,0.000,NULL,NULL,NULL),('MOSKAL Błażej','junior','330111','MKS Gdańsk',2.4,7.550,9.950,2.5,6.500,9.000,2.5,6.650,9.150,2.2,7.600,9.800),('KUBALA Kacper','junior','330113','MKS Gdańsk',0.0,0.000,0.000,0.0,0.000,0.000,0.0,0.000,0.000,0.0,0.000,0.000),('JANKOWSKI Dominik','junior','330115','MKS Gdańsk',2.4,7.800,10.200,2.4,7.900,10.300,2.4,8.050,10.450,2.0,7.900,9.900),('KLIMCZUK Michał','junior','330118','MKS Gdańsk',0.0,0.000,0.000,NULL,NULL,NULL,1.7,7.850,9.550,0.0,0.000,0.000),('KAŚKÓW Paweł','senior','33059','KS AZS AWFiS Gdańsk',3.8,8.200,12.000,NULL,NULL,NULL,3.8,8.350,12.150,NULL,NULL,NULL),('PAWŁOWSKI Jakub','senior','33097','MKS Gdańsk',NULL,NULL,NULL,3.8,7.000,10.800,3.0,6.350,9.350,0.0,0.000,0.000),('CHRUŚCIEL Szymon','senior','33132','KS AZS AWF Kraków',3.6,7.500,11.100,3.4,7.300,10.700,2.9,6.150,9.050,3.1,7.300,10.400),('KORBIEL Franciszek','junior','33134','KS AZS AWF Kraków',2.3,7.300,9.600,3.0,8.000,11.000,2.3,6.850,9.150,2.3,7.800,10.100),('MISHCHENKO Oleksandr','junior','33333','MKS Kusy Szczecin',8.0,2.900,10.900,NULL,NULL,NULL,NULL,NULL,NULL,2.2,7.700,9.900),('JAKUBOWSKI Jakub','senior','33661','KS AZS AWFiS Gdańsk',3.5,6.700,10.200,2.6,3.000,5.600,0.0,0.000,0.000,2.7,6.000,8.700),('BIAŁOWĄS Oliwier','senior','33662','CWZS Zawisza KG Bydgoszcz',NULL,NULL,NULL,0.0,0.000,0.000,NULL,NULL,NULL,0.0,0.000,0.000),('KUZDRA Christian','junior','33663','MKS Gdańsk',3.6,7.800,11.400,3.9,8.100,12.000,3.7,7.450,11.150,3.4,7.700,11.100),('KUZDRA Konrad','senior','33664','MKS Gdańsk',NULL,NULL,NULL,2.5,7.200,9.700,0.0,0.000,0.000,2.2,7.700,9.900),('BOBER Michał','senior','33750','UKS SP7 Łódź',4.0,7.300,11.300,3.8,8.400,12.200,3.8,8.050,11.850,3.4,6.000,9.400),('SZYMCZYK Radosław','senior','33928','KS AZS AWF Kraków',0.0,0.000,0.000,0.0,0.000,0.000,0.0,0.000,0.000,NULL,NULL,NULL),('IAREMCHUK Vladyslav','senior','Z/02/00023','KS AZS AWF Katowice',NULL,NULL,NULL,4.6,8.100,12.700,4.2,8.500,12.700,NULL,NULL,NULL),('ŻEMEŁKA Dawid','junior','Z/06/00087','MKS Gdańsk',NULL,NULL,NULL,1.7,6.800,8.500,2.1,6.650,8.750,1.7,7.700,9.400),('ĆWIEK Tymoteusz','junior','Z/06/00130','KS AZS AWF Kraków',2.9,6.700,9.600,NULL,NULL,NULL,1.8,6.800,8.600,NULL,NULL,NULL),('KOPERSKI Filip','junior','Z/07/00266','KS AZS AWF Kraków',NULL,NULL,NULL,3.4,8.200,11.600,3.4,7.900,11.300,3.4,6.000,9.400),('AZUMI Vincent','junior','Z/07/00342','MKS Gdańsk',NULL,NULL,NULL,3.7,8.100,11.800,3.7,7.800,11.500,NULL,NULL,NULL),('LEKHAC Tomasz','junior','Z/08/00007','CWZS Zawisza KG Bydgoszcz',2.8,8.850,11.650,2.6,8.200,10.800,2.8,8.400,11.200,2.8,8.400,11.200),('RZEŹNICKI Gracjan','junior','Z/08/00032','KS Iskra Zabrze',NULL,NULL,NULL,0.0,0.000,0.000,NULL,NULL,NULL,NULL,NULL,NULL),('LESIŃSKI Piotr','senior','Z/1999/55','KS AZS AWFiS Gdańsk',NULL,NULL,NULL,NULL,NULL,NULL,0.0,0.000,0.000,NULL,NULL,NULL),('LUKIANIENKO Illia','senior','Z/2000/104','MKS Kusy Szczecin',NULL,NULL,NULL,NULL,NULL,NULL,4.0,7.650,11.650,NULL,NULL,NULL),('SIUTA Jakub','senior','Z/2000/105','KS AZS AWF Katowice',NULL,NULL,NULL,2.6,1.700,4.300,2.9,5.750,8.650,NULL,NULL,NULL),('KORNIICHUK Yehor','senior','Z/2001/135','KS AZS AWFiS Gdańsk',NULL,NULL,NULL,4.1,7.600,11.700,4.1,7.800,11.900,NULL,NULL,NULL),('LAKHIN Yaroslav','senior','Z/2003/308','CWZS Zawisza KG Bydgoszcz',NULL,NULL,NULL,3.8,7.800,11.600,3.4,7.700,11.100,NULL,NULL,NULL),('HERASYMOV Mykyta','senior','Z/2003/338','KS AZS AWFiS Gdańsk',NULL,NULL,NULL,2.9,6.700,9.600,2.5,6.550,9.050,NULL,NULL,NULL);
/*!40000 ALTER TABLE `still_rings_2022` ENABLE KEYS */;
UNLOCK TABLES;

--
-- Table structure for table `vault_2022`
--

DROP TABLE IF EXISTS `vault_2022`;
/*!40101 SET @saved_cs_client     = @@character_set_client */;
/*!50503 SET character_set_client = utf8mb4 */;
CREATE TABLE `vault_2022` (
  `Name` varchar(45) DEFAULT NULL,
  `Category` varchar(45) DEFAULT NULL,
  `License_number` varchar(20) NOT NULL,
  `Club` varchar(60) DEFAULT NULL,
  `bydgoszcz_VT_Dscore` decimal(10,1) DEFAULT NULL,
  `bydgoszcz_VT_Escore` decimal(10,3) DEFAULT NULL,
  `bydgoszcz_VT_Total_Score` decimal(10,3) DEFAULT NULL,
  `zabrze_VT_Dscore` decimal(10,1) DEFAULT NULL,
  `zabrze_VT_Escore` decimal(10,3) DEFAULT NULL,
  `zabrze_VT_Total_Score` decimal(10,3) DEFAULT NULL,
  `cracow_VT_Dscore` decimal(10,1) DEFAULT NULL,
  `cracow_VT_Escore` decimal(10,3) DEFAULT NULL,
  `cracow_VT_Total_Score` decimal(10,3) DEFAULT NULL,
  `gdansk_VT_Dscore` decimal(10,1) DEFAULT NULL,
  `gdansk_VT_Escore` decimal(10,3) DEFAULT NULL,
  `gdansk_VT_Total_Score` decimal(10,3) DEFAULT NULL
) ENGINE=InnoDB DEFAULT CHARSET=utf8mb4 COLLATE=utf8mb4_0900_ai_ci;
/*!40101 SET character_set_client = @saved_cs_client */;

--
-- Dumping data for table `vault_2022`
--

LOCK TABLES `vault_2022` WRITE;
/*!40000 ALTER TABLE `vault_2022` DISABLE KEYS */;
INSERT INTO `vault_2022` VALUES ('KOLORZ Maks','junior','111111','KG Radlin',2.4,7.500,9.900,NULL,NULL,NULL,NULL,NULL,NULL,NULL,NULL,NULL),('RUS Gracjan','junior','111112','KG Radlin',1.6,9.000,10.600,NULL,NULL,NULL,NULL,NULL,NULL,NULL,NULL,NULL),('MYSZI Dominik','junior','111113','KG Radlin',0.0,0.000,0.000,NULL,NULL,NULL,NULL,NULL,NULL,NULL,NULL,NULL),('SZCZUBIAŁ Bartłomiej','junior','222222','KS AZS AWF Kraków',2.2,9.100,11.300,NULL,NULL,NULL,NULL,NULL,NULL,NULL,NULL,NULL),('FRONT Filip','senior','30170','KS AZS AWFiS Gdańsk',NULL,NULL,NULL,2.8,9.400,12.200,2.8,9.100,11.900,0.0,0.000,0.000),('KWIATKOWSKI Michał','junior','30185','MKS Kusy Szczecin',3.2,9.000,12.200,3.2,9.450,12.650,3.2,9.200,12.400,2.8,8.800,11.600),('KUŹMIŃSKI Bartosz','senior','30186','MKS Kusy Szczecin',0.0,0.000,0.000,3.2,9.050,12.250,3.2,7.400,10.600,NULL,NULL,NULL),('SIEDZIAKO Igor','senior','30189','MKS Kusy Szczecin',3.2,7.800,11.000,0.0,0.000,0.000,0.0,0.000,0.000,NULL,NULL,NULL),('KUROWSKI Jakub','senior','30190','MKS Kusy Szczecin',0.0,0.000,0.000,4.0,9.600,13.600,4.0,9.350,13.350,4.0,8.800,12.800),('PIETRUSZKIEWICZ Jakub','senior','30192','MKS Kusy Szczecin',NULL,NULL,NULL,4.0,8.850,12.850,0.0,0.000,0.000,NULL,NULL,NULL),('CZARNECKI Aleksander','junior','30195','MKS Kusy Szczecin',2.8,8.600,11.400,4.0,8.950,12.950,0.0,0.000,0.000,4.0,8.600,12.600),('GAWROŃSKI Sebastian','senior','32203','KS AZS AWF Katowice',NULL,NULL,NULL,NULL,NULL,NULL,5.2,8.100,13.300,5.2,8.000,13.200),('GARNCZAREK Kacper','senior','32211','KS AZS AWF Katowice',NULL,NULL,NULL,4.4,9.100,13.500,4.4,9.150,13.550,4.4,8.300,12.700),('LUDYNIA Marceli','senior','32213','KS AZS AWF Katowice',4.0,8.600,12.600,4.0,9.100,13.100,4.0,9.350,13.350,4.0,8.700,12.700),('MARCZEWSKI Stanisław','junior','32361','MKS Gdańsk',1.6,8.700,10.300,0.0,0.000,0.000,NULL,NULL,NULL,NULL,NULL,NULL),('WIERZBA Kacper','senior','32450','MKS Gdańsk',NULL,NULL,NULL,4.0,9.300,13.300,4.0,9.100,13.100,4.0,9.000,13.000),('ŁUCKI Miłosz','junior','32453','KG Radlin',NULL,NULL,NULL,NULL,NULL,NULL,2.2,8.800,11.000,NULL,NULL,NULL),('NOWAK Maciej','senior','32524','KS AZS AWF Katowice',3.2,9.500,12.700,NULL,NULL,NULL,NULL,NULL,NULL,NULL,NULL,NULL),('BRACKI Borys','senior','32570','KS AZS AWF Katowice',3.6,8.400,12.000,3.6,8.150,11.750,4.0,8.650,12.650,2.4,8.300,10.700),('SADZA Jakub','junior','326132','NTG Nysa',NULL,NULL,NULL,NULL,NULL,NULL,3.2,8.200,11.400,NULL,NULL,NULL),('WROŃSKI Filip','senior','32670','NTG Nysa',NULL,NULL,NULL,4.0,9.100,13.100,NULL,NULL,NULL,4.0,8.700,12.700),('SASNAL Filip','senior','32804','KS AZS AWF Kraków',4.8,8.700,13.500,5.2,9.600,14.800,5.2,8.050,13.250,4.8,8.300,13.100),('KOŁODZIEJCZYK Karol','junior','32980','KS AZS AWF Kraków',2.8,8.500,11.300,2.4,8.900,11.300,2.8,8.750,11.550,2.4,8.400,10.800),('KLIMCZUK Paweł','senior','330103','MKS Gdańsk',NULL,NULL,NULL,0.0,0.000,0.000,0.0,0.000,0.000,NULL,NULL,NULL),('MOSKAL Błażej','junior','330111','MKS Gdańsk',2.4,7.800,10.200,1.6,9.500,11.100,2.4,8.850,11.250,1.6,8.500,10.100),('KUBALA Kacper','junior','330113','MKS Gdańsk',2.4,7.700,10.100,0.0,0.000,0.000,1.6,9.450,11.050,2.4,8.200,10.600),('JANKOWSKI Dominik','junior','330115','MKS Gdańsk',4.0,7.900,11.900,2.8,9.050,11.850,2.8,9.200,12.000,2.8,8.400,11.200),('KLIMCZUK Michał','junior','330118','MKS Gdańsk',2.4,8.800,11.200,NULL,NULL,NULL,1.6,8.800,10.400,1.6,8.800,10.400),('KAŚKÓW Paweł','senior','33059','KS AZS AWFiS Gdańsk',4.0,9.000,13.000,NULL,NULL,NULL,4.0,9.150,13.150,NULL,NULL,NULL),('PAWŁOWSKI Jakub','senior','33097','MKS Gdańsk',NULL,NULL,NULL,4.0,8.400,12.400,4.0,9.250,13.250,4.0,8.900,12.900),('CHRUŚCIEL Szymon','senior','33132','KS AZS AWF Kraków',3.0,9.300,12.300,3.2,9.250,12.450,3.2,9.300,12.500,3.2,8.300,11.500),('KORBIEL Franciszek','junior','33134','KS AZS AWF Kraków',2.4,8.850,11.250,3.2,8.600,11.800,2.4,8.300,10.700,2.4,8.200,10.600),('MISHCHENKO Oleksandr','junior','33333','MKS Kusy Szczecin',4.0,8.500,12.500,NULL,NULL,NULL,NULL,NULL,NULL,4.0,8.900,12.900),('JAKUBOWSKI Jakub','senior','33661','KS AZS AWFiS Gdańsk',2.8,9.200,12.000,0.0,0.000,0.000,0.0,0.000,0.000,2.8,8.300,11.100),('BIAŁOWĄS Oliwier','senior','33662','CWZS Zawisza KG Bydgoszcz',NULL,NULL,NULL,3.2,8.800,12.000,NULL,NULL,NULL,0.0,0.000,0.000),('KUZDRA Christian','junior','33663','MKS Gdańsk',1.6,8.800,10.400,2.4,8.900,11.300,3.2,8.700,11.900,2.4,7.200,9.600),('KUZDRA Konrad','senior','33664','MKS Gdańsk',NULL,NULL,NULL,0.0,0.000,0.000,0.0,0.000,0.000,2.4,8.000,10.400),('BOBER Michał','senior','33750','UKS SP7 Łódź',3.6,7.800,11.400,3.2,9.150,12.350,3.2,9.050,12.250,3.2,8.300,11.500),('SZYMCZYK Radosław','senior','33928','KS AZS AWF Kraków',0.0,0.000,0.000,4.0,8.900,12.900,4.4,9.350,13.750,NULL,NULL,NULL),('IAREMCHUK Vladyslav','senior','Z/02/00023','KS AZS AWF Katowice',NULL,NULL,NULL,0.0,0.000,0.000,0.0,0.000,0.000,NULL,NULL,NULL),('ŻEMEŁKA Dawid','junior','Z/06/00087','MKS Gdańsk',NULL,NULL,NULL,1.6,9.000,10.600,1.6,9.000,10.600,1.6,8.800,10.400),('ĆWIEK Tymoteusz','junior','Z/06/00130','KS AZS AWF Kraków',3.2,9.000,12.200,NULL,NULL,NULL,2.4,7.800,10.200,NULL,NULL,NULL),('KOPERSKI Filip','junior','Z/07/00266','KS AZS AWF Kraków',NULL,NULL,NULL,4.0,7.950,11.950,4.0,8.800,12.800,2.8,8.600,11.400),('AZUMI Vincent','junior','Z/07/00342','MKS Gdańsk',NULL,NULL,NULL,0.0,0.000,0.000,0.0,0.000,0.000,NULL,NULL,NULL),('LEKHAC Tomasz','junior','Z/08/00007','CWZS Zawisza KG Bydgoszcz',2.2,9.400,11.600,2.2,9.050,11.250,2.2,9.050,11.250,2.2,8.300,10.500),('RZEŹNICKI Gracjan','junior','Z/08/00032','KS Iskra Zabrze',NULL,NULL,NULL,1.6,8.300,9.900,NULL,NULL,NULL,NULL,NULL,NULL),('LESIŃSKI Piotr','senior','Z/1999/55','KS AZS AWFiS Gdańsk',NULL,NULL,NULL,NULL,NULL,NULL,2.8,8.550,11.350,NULL,NULL,NULL),('LUKIANIENKO Illia','senior','Z/2000/104','MKS Kusy Szczecin',NULL,NULL,NULL,NULL,NULL,NULL,4.0,9.300,13.300,NULL,NULL,NULL),('SIUTA Jakub','senior','Z/2000/105','KS AZS AWF Katowice',NULL,NULL,NULL,0.0,0.000,0.000,0.0,0.000,0.000,NULL,NULL,NULL),('KORNIICHUK Yehor','senior','Z/2001/135','KS AZS AWFiS Gdańsk',NULL,NULL,NULL,5.2,8.250,13.450,5.2,7.650,12.850,NULL,NULL,NULL),('LAKHIN Yaroslav','senior','Z/2003/308','CWZS Zawisza KG Bydgoszcz',NULL,NULL,NULL,3.2,9.450,12.650,3.2,9.050,12.250,NULL,NULL,NULL),('HERASYMOV Mykyta','senior','Z/2003/338','KS AZS AWFiS Gdańsk',NULL,NULL,NULL,0.0,0.000,0.000,0.0,0.000,0.000,NULL,NULL,NULL);
/*!40000 ALTER TABLE `vault_2022` ENABLE KEYS */;
UNLOCK TABLES;

--
-- Table structure for table `zabrze_2022`
--

DROP TABLE IF EXISTS `zabrze_2022`;
/*!40101 SET @saved_cs_client     = @@character_set_client */;
/*!50503 SET character_set_client = utf8mb4 */;
CREATE TABLE `zabrze_2022` (
  `Rk` int DEFAULT NULL,
  `Name` varchar(45) DEFAULT NULL,
  `Category` text,
  `Birth_year` int DEFAULT NULL,
  `License_number` varchar(20) DEFAULT NULL,
  `Club` varchar(60) DEFAULT NULL,
  `FX_Dscore` decimal(10,1) DEFAULT NULL,
  `FX_Escore` decimal(10,3) DEFAULT NULL,
  `FX_total_score` decimal(10,3) DEFAULT NULL,
  `PH_Dscore` decimal(10,1) DEFAULT NULL,
  `PH_Escore` decimal(10,3) DEFAULT NULL,
  `PH_Total_Score` decimal(10,3) DEFAULT NULL,
  `SR_Dscore` decimal(10,1) DEFAULT NULL,
  `SR_Escore` decimal(10,3) DEFAULT NULL,
  `SR_Total_Score` decimal(10,3) DEFAULT NULL,
  `VT_Dscore` decimal(10,1) DEFAULT NULL,
  `VT_Escore` decimal(10,3) DEFAULT NULL,
  `VT_total_score` decimal(10,3) DEFAULT NULL,
  `PB_Dscore` decimal(10,1) DEFAULT NULL,
  `PB_Escore` decimal(10,3) DEFAULT NULL,
  `PB_total_score` decimal(10,3) DEFAULT NULL,
  `HB_Dscore` decimal(10,1) DEFAULT NULL,
  `HB_Escore` decimal(10,3) DEFAULT NULL,
  `HB_total_score` decimal(10,3) DEFAULT NULL,
  `Total_Score` decimal(10,3) DEFAULT NULL,
  KEY `zabrze_license_idx` (`License_number`),
  KEY `zabrze_club_idx` (`Club`),
  CONSTRAINT `zabrze_club` FOREIGN KEY (`Club`) REFERENCES `all_clubs` (`Club`),
  CONSTRAINT `zabrze_license` FOREIGN KEY (`License_number`) REFERENCES `all_gymnasts` (`License_number`)
) ENGINE=InnoDB DEFAULT CHARSET=utf8mb4 COLLATE=utf8mb4_0900_ai_ci;
/*!40101 SET character_set_client = @saved_cs_client */;

--
-- Dumping data for table `zabrze_2022`
--

LOCK TABLES `zabrze_2022` WRITE;
/*!40000 ALTER TABLE `zabrze_2022` DISABLE KEYS */;
INSERT INTO `zabrze_2022` VALUES (1,'LEKHAC Tomasz','junior',2008,'Z/08/00007','CWZS Zawisza KG Bydgoszcz',4.0,8.700,12.700,3.8,8.900,12.700,2.6,8.200,10.800,2.2,9.050,11.250,4.2,9.100,13.300,2.7,9.100,11.800,72.550),(2,'CZARNECKI Aleksander','junior',2005,'30195','MKS Kusy Szczecin',4.3,8.150,12.450,3.6,8.350,11.950,2.9,8.100,11.000,4.0,8.950,12.950,3.4,8.350,11.750,3.0,7.900,10.900,71.000),(3,'KWIATKOWSKI Michał','junior',2005,'30185','MKS Kusy Szczecin',4.2,8.550,12.750,3.6,6.200,9.800,3.2,9.000,12.200,3.2,9.450,12.650,3.4,7.950,11.350,3.2,7.800,11.000,69.750),(4,'KUZDRA Christian','junior',2006,'33663','MKS Gdańsk',3.7,8.100,11.800,3.9,7.000,10.900,3.9,8.100,12.000,2.4,8.900,11.300,3.7,7.450,11.150,3.4,7.500,10.900,68.050),(5,'KORBIEL Franciszek','junior',2006,'33134','KS AZS AWF Kraków',3.3,8.300,11.600,4.3,7.900,12.200,3.0,8.000,11.000,3.2,8.600,11.800,3.1,8.000,11.100,3.0,7.200,10.200,67.900),(6,'KOPERSKI Filip','junior',2007,'Z/07/00266','KS AZS AWF Kraków',3.4,8.200,11.600,2.9,7.200,10.100,3.4,8.200,11.600,4.0,7.950,11.950,3.0,8.200,11.200,2.7,8.000,10.700,67.050),(7,'JANKOWSKI Dominik','junior',2007,'330115','MKS Gdańsk',3.4,8.400,11.800,2.6,8.550,11.150,2.4,7.900,10.300,2.8,9.050,11.850,3.1,8.550,11.650,1.8,8.400,10.200,66.950),(8,'KOŁODZIEJCZYK Karol','junior',2007,'32980','KS AZS AWF Kraków',3.1,8.350,11.450,3.0,7.200,10.200,2.1,8.050,10.150,2.4,8.900,11.300,3.0,9.000,12.000,2.4,7.900,10.300,65.400),(9,'ŻEMEŁKA Dawid','junior',2006,'Z/06/00087','MKS Gdańsk',2.9,8.200,11.100,2.2,5.750,7.950,1.7,6.800,8.500,1.6,9.000,10.600,2.4,8.600,11.000,1.8,7.700,9.500,58.650),(10,'MOSKAL Błażej','junior',2006,'330111','MKS Gdańsk',3.2,8.150,11.350,2.7,1.950,4.650,2.5,6.500,9.000,1.6,9.500,11.100,3.1,7.800,10.900,1.9,8.200,10.100,57.100),(11,'AZUMI Vincent','junior',2007,'Z/07/00342','MKS Gdańsk',3.7,8.300,12.000,0.0,0.000,0.000,3.7,8.100,11.800,0.0,0.000,0.000,0.0,0.000,0.000,2.7,8.000,10.700,34.500),(12,'KUBALA Kacper','junior',2006,'330113','MKS Gdańsk',0.0,0.000,0.000,2.2,6.500,8.700,0.0,0.000,0.000,0.0,0.000,0.000,3.1,8.000,11.100,0.0,0.000,0.000,19.800),(13,'RZEŹNICKI Gracjan','junior',2008,'Z/08/00032','KS Iskra Zabrze',0.0,0.000,0.000,0.0,0.000,0.000,0.0,0.000,0.000,1.6,8.300,9.900,0.0,0.000,0.000,0.0,0.000,0.000,9.900),(14,'MARCZEWSKI Stanisław','junior',2007,'32361','MKS Gdańsk',0.0,0.000,0.000,0.0,0.000,0.000,0.0,0.000,0.000,0.0,0.000,0.000,0.0,0.000,0.000,0.0,0.000,0.000,0.000),(1,'GARNCZAREK Kacper','senior',2002,'32211','KS AZS AWF Katowice',5.3,8.150,13.450,4.9,7.400,12.300,4.1,8.350,12.450,4.4,9.100,13.500,5.0,7.450,12.450,4.6,7.400,12.000,76.150),(2,'SASNAL Filip','senior',1997,'32804','KS AZS AWF Kraków',6.0,6.600,12.600,4.6,6.400,11.000,3.9,8.100,12.000,5.2,9.600,14.800,4.2,8.200,12.400,4.4,6.800,11.200,74.000),(3,'WROŃSKI Filip','senior',2001,'32670','NTG Nysa',3.8,8.400,12.200,3.0,8.400,11.400,3.9,8.400,12.300,4.0,9.100,13.100,3.0,9.350,12.350,3.6,7.100,10.700,72.050),(4,'KUROWSKI Jakub','senior',2004,'30190','MKS Kusy Szczecin',4.2,8.350,12.550,3.8,7.750,11.550,3.8,7.700,11.500,4.0,9.600,13.600,3.5,8.700,12.200,2.2,7.850,10.050,71.450),(5,'KORNIICHUK Yehor','senior',2001,'Z/2001/135','KS AZS AWFiS Gdańsk',5.0,6.800,11.800,3.3,6.000,9.300,4.1,7.600,11.700,5.2,8.250,13.450,4.3,8.200,12.500,3.7,7.950,11.650,70.400),(6,'LUDYNIA Marceli','senior',2001,'32213','KS AZS AWF Katowice',4.7,8.700,13.400,3.0,7.500,10.500,2.5,8.150,10.650,4.0,9.100,13.100,4.1,7.900,12.000,2.7,7.550,10.250,69.900),(7,'LAKHIN Yaroslav','senior',2003,'Z/2003/308','CWZS Zawisza KG Bydgoszcz',3.8,7.300,11.100,4.2,8.250,12.450,3.8,7.800,11.600,3.2,9.450,12.650,3.5,8.050,11.550,2.2,8.100,10.300,69.650),(8,'BOBER Michał','senior',2002,'33750','UKS SP7 Łódź',3.9,7.850,11.750,3.8,6.200,10.000,3.8,8.400,12.200,3.2,9.150,12.350,3.8,8.750,12.550,2.6,7.500,10.100,68.950),(9,'BRACKI Borys','senior',2004,'32570','KS AZS AWF Katowice',3.4,8.700,12.100,4.1,6.700,10.800,3.7,7.900,11.600,3.6,8.150,11.750,3.6,8.650,12.250,2.5,7.900,10.400,68.900),(10,'WIERZBA Kacper','senior',2003,'32450','MKS Gdańsk',4.4,8.100,12.500,3.4,5.500,8.900,3.8,7.500,11.300,4.0,9.300,13.300,3.0,8.750,11.750,3.3,7.800,11.100,68.850),(11,'CHRUŚCIEL Szymon','senior',2004,'33132','KS AZS AWF Kraków',4.1,6.250,10.350,3.2,4.750,7.950,3.4,7.300,10.700,3.2,9.250,12.450,4.2,7.500,11.700,2.8,8.000,10.800,63.950),(12,'JAKUBOWSKI Jakub','senior',2003,'33661','KS AZS AWFiS Gdańsk',3.9,8.000,11.900,4.0,7.800,11.800,2.6,3.000,5.600,0.0,0.000,0.000,2.8,7.500,10.300,0.0,0.000,0.000,39.600),(13,'KUZDRA Konrad','senior',2003,'33664','MKS Gdańsk',0.0,0.000,0.000,2.7,7.000,9.700,2.5,7.200,9.700,0.0,0.000,0.000,2.8,7.400,10.200,2.1,6.900,9.000,38.600),(14,'PAWŁOWSKI Jakub','senior',2004,'33097','MKS Gdańsk',4.0,7.850,11.850,2.6,0.000,2.600,3.8,7.000,10.800,4.0,8.400,12.400,0.0,0.000,0.000,0.0,0.000,0.000,37.650),(15,'SZYMCZYK Radosław','senior',2004,'33928','KS AZS AWF Kraków',3.7,7.950,11.650,3.7,8.600,12.300,0.0,0.000,0.000,4.0,8.900,12.900,0.0,0.000,0.000,0.0,0.000,0.000,36.850),(16,'FRONT Filip','senior',2002,'30170','KS AZS AWFiS Gdańsk',0.0,0.000,0.000,0.0,0.000,0.000,4.0,8.400,12.400,2.8,9.400,12.200,3.1,8.850,11.950,0.0,0.000,0.000,36.550),(17,'IAREMCHUK Vladyslav','senior',2002,'Z/02/00023','KS AZS AWF Katowice',0.0,0.000,0.000,4.5,7.300,11.800,4.6,8.100,12.700,0.0,0.000,0.000,4.0,6.600,10.600,0.0,0.000,0.000,35.100),(18,'HERASYMOV Mykyta','senior',2003,'Z/2003/338','KS AZS AWFiS Gdańsk',0.0,0.000,0.000,3.4,7.000,10.400,2.9,6.700,9.600,0.0,0.000,0.000,2.4,8.600,11.000,0.0,0.000,0.000,31.000),(19,'SIEDZIAKO Igor','senior',2004,'30189','MKS Kusy Szczecin',4.2,7.300,11.500,0.0,0.000,0.000,0.0,0.000,0.000,0.0,0.000,0.000,2.4,8.050,10.450,2.0,5.200,7.200,29.150),(20,'PIETRUSZKIEWICZ Jakub','senior',2003,'30192','MKS Kusy Szczecin',0.0,0.000,0.000,0.0,0.000,0.000,3.2,6.900,10.100,4.0,8.850,12.850,0.0,0.000,0.000,0.0,0.000,0.000,22.950),(21,'BIAŁOWĄS Oliwier','senior',2004,'33662','CWZS Zawisza KG Bydgoszcz',4.5,6.200,10.700,0.0,0.000,0.000,0.0,0.000,0.000,3.2,8.800,12.000,0.0,0.000,0.000,0.0,0.000,0.000,22.700),(22,'KUŹMIŃSKI Bartosz','senior',2004,'30186','MKS Kusy Szczecin',4.0,6.000,10.000,0.0,0.000,0.000,0.0,0.000,0.000,3.2,9.050,12.250,0.0,0.000,0.000,0.0,0.000,0.000,22.250),(23,'SIUTA Jakub','senior',2000,'Z/2000/105','KS AZS AWF Katowice',3.3,8.400,11.700,0.0,0.000,0.000,2.6,1.700,4.300,0.0,0.000,0.000,0.0,0.000,0.000,0.0,0.000,0.000,16.000),(24,'KLIMCZUK Paweł','senior',2004,'330103','MKS Gdańsk',0.0,0.000,0.000,3.1,6.000,9.100,0.0,0.000,0.000,0.0,0.000,0.000,0.0,0.000,0.000,0.0,0.000,0.000,9.100);
/*!40000 ALTER TABLE `zabrze_2022` ENABLE KEYS */;
UNLOCK TABLES;
/*!40103 SET TIME_ZONE=@OLD_TIME_ZONE */;

/*!40101 SET SQL_MODE=@OLD_SQL_MODE */;
/*!40014 SET FOREIGN_KEY_CHECKS=@OLD_FOREIGN_KEY_CHECKS */;
/*!40014 SET UNIQUE_CHECKS=@OLD_UNIQUE_CHECKS */;
/*!40101 SET CHARACTER_SET_CLIENT=@OLD_CHARACTER_SET_CLIENT */;
/*!40101 SET CHARACTER_SET_RESULTS=@OLD_CHARACTER_SET_RESULTS */;
/*!40101 SET COLLATION_CONNECTION=@OLD_COLLATION_CONNECTION */;
/*!40111 SET SQL_NOTES=@OLD_SQL_NOTES */;

-- Dump completed on 2023-07-23  0:39:10
